cdtaCode,CDTAName,boroughCode,borough,station_counts,net_entries,net_exits,Entry_total_trip_count_day_1,Entry_total_trip_count_day_2,Entry_total_trip_count_day_3,Entry_total_trip_count_day_4,Entry_total_trip_count_day_5,Entry_total_trip_count_day_6,Entry_total_trip_count_day_7,Entry_total_trip_count_day_8,Entry_total_trip_count_day_9,Entry_total_trip_count_day_10,Entry_total_trip_count_day_11,Entry_total_trip_count_day_12,Entry_total_trip_count_day_13,Entry_total_trip_count_day_14,Entry_total_trip_count_day_15,Entry_total_trip_count_day_16,Entry_total_trip_count_day_17,Entry_total_trip_count_day_18,Entry_total_trip_count_day_19,Entry_total_trip_count_day_20,Entry_total_trip_count_day_21,Entry_total_trip_count_day_22,Entry_total_trip_count_day_23,Entry_total_trip_count_day_24,Entry_total_trip_count_day_25,Entry_total_trip_count_day_26,Entry_total_trip_count_day_27,Entry_total_trip_count_day_28,Entry_total_trip_count_day_29,Entry_total_trip_count_day_30,Entry_total_trip_count_day_31,Exit_total_trip_count_day_1,Exit_total_trip_count_day_2,Exit_total_trip_count_day_3,Exit_total_trip_count_day_4,Exit_total_trip_count_day_5,Exit_total_trip_count_day_6,Exit_total_trip_count_day_7,Exit_total_trip_count_day_8,Exit_total_trip_count_day_9,Exit_total_trip_count_day_10,Exit_total_trip_count_day_11,Exit_total_trip_count_day_12,Exit_total_trip_count_day_13,Exit_total_trip_count_day_14,Exit_total_trip_count_day_15,Exit_total_trip_count_day_16,Exit_total_trip_count_day_17,Exit_total_trip_count_day_18,Exit_total_trip_count_day_19,Exit_total_trip_count_day_20,Exit_total_trip_count_day_21,Exit_total_trip_count_day_22,Exit_total_trip_count_day_23,Exit_total_trip_count_day_24,Exit_total_trip_count_day_25,Exit_total_trip_count_day_26,Exit_total_trip_count_day_27,Exit_total_trip_count_day_28,Exit_total_trip_count_day_29,Exit_total_trip_count_day_30,Exit_total_trip_count_day_31,Entry_total_trip_count_hour_0,Entry_total_trip_count_hour_1,Entry_total_trip_count_hour_2,Entry_total_trip_count_hour_3,Entry_total_trip_count_hour_4,Entry_total_trip_count_hour_5,Entry_total_trip_count_hour_6,Entry_total_trip_count_hour_7,Entry_total_trip_count_hour_8,Entry_total_trip_count_hour_9,Entry_total_trip_count_hour_10,Entry_total_trip_count_hour_11,Entry_total_trip_count_hour_12,Entry_total_trip_count_hour_13,Entry_total_trip_count_hour_14,Entry_total_trip_count_hour_15,Entry_total_trip_count_hour_16,Entry_total_trip_count_hour_17,Entry_total_trip_count_hour_18,Entry_total_trip_count_hour_19,Entry_total_trip_count_hour_20,Entry_total_trip_count_hour_21,Entry_total_trip_count_hour_22,Entry_total_trip_count_hour_23,Exit_total_trip_count_hour_0,Exit_total_trip_count_hour_1,Exit_total_trip_count_hour_2,Exit_total_trip_count_hour_3,Exit_total_trip_count_hour_4,Exit_total_trip_count_hour_5,Exit_total_trip_count_hour_6,Exit_total_trip_count_hour_7,Exit_total_trip_count_hour_8,Exit_total_trip_count_hour_9,Exit_total_trip_count_hour_10,Exit_total_trip_count_hour_11,Exit_total_trip_count_hour_12,Exit_total_trip_count_hour_13,Exit_total_trip_count_hour_14,Exit_total_trip_count_hour_15,Exit_total_trip_count_hour_16,Exit_total_trip_count_hour_17,Exit_total_trip_count_hour_18,Exit_total_trip_count_hour_19,Exit_total_trip_count_hour_20,Exit_total_trip_count_hour_21,Exit_total_trip_count_hour_22,Exit_total_trip_count_hour_23,Entry_total_trip_count_weekday_Friday,Entry_total_trip_count_weekday_Monday,Entry_total_trip_count_weekday_Saturday,Entry_total_trip_count_weekday_Sunday,Entry_total_trip_count_weekday_Thursday,Entry_total_trip_count_weekday_Tuesday,Entry_total_trip_count_weekday_Wednesday,Exit_total_trip_count_weekday_Friday,Exit_total_trip_count_weekday_Monday,Exit_total_trip_count_weekday_Saturday,Exit_total_trip_count_weekday_Sunday,Exit_total_trip_count_weekday_Thursday,Exit_total_trip_count_weekday_Tuesday,Exit_total_trip_count_weekday_Wednesday,Entry_total_trip_count_year_month_2022-01,Entry_total_trip_count_year_month_2022-02,Entry_total_trip_count_year_month_2022-03,Entry_total_trip_count_year_month_2022-04,Entry_total_trip_count_year_month_2022-05,Entry_total_trip_count_year_month_2022-06,Exit_total_trip_count_year_month_2022-01,Exit_total_trip_count_year_month_2022-02,Exit_total_trip_count_year_month_2022-03,Exit_total_trip_count_year_month_2022-04,Exit_total_trip_count_year_month_2022-05,Exit_total_trip_count_year_month_2022-06
BK01,BK01 Williamsburg-Greenpoint (CD 1 Equivalent),Bk,Brooklyn,10,5813770.0,10136488.0,187210.0,193948.0,215215.0,204971.0,189750.0,189721.0,205888.0,205006.0,196946.0,223724.0,216837.0,181256.0,195389.0,212151.0,193107.0,198170.0,198251.0,211768.0,178772.0,191904.0,198184.0,194654.0,199996.0,218084.0,193284.0,158095.0,158346.0,172061.0,116571.0,101699.0,112812.0,320164.0,333817.0,365521.0,338168.0,339166.0,333466.0,339795.0,355091.0,343772.0,382398.0,363978.0,334414.0,348156.0,356233.0,352038.0,344007.0,344964.0,363469.0,330155.0,351474.0,345624.0,350761.0,357091.0,386997.0,323001.0,270503.0,279970.0,288808.0,218724.0,189856.0,184907.0,323214.0,96418.0,,50590.0,76405.0,26733.0,254.0,83702.0,376738.0,231791.0,1214.0,399198.0,747407.0,226010.0,755.0,322859.0,748120.0,326888.0,662.0,454620.0,819888.0,287416.0,,212888.0,764468.0,245671.0,,104974.0,188527.0,65138.0,337.0,127722.0,521986.0,308306.0,1980.0,534031.0,1091514.0,330894.0,1155.0,526101.0,1234967.0,494996.0,1086.0,758178.0,1692852.0,631265.0,,510340.0,962393.0,863338.0,529582.0,534670.0,984481.0,953658.0,985648.0,1672489.0,1410135.0,1068129.0,1165246.0,1644535.0,1545492.0,1630462.0,896732.0,940687.0,1106402.0,1008330.0,1057708.0,803911.0,1484602.0,1563017.0,1887375.0,1788293.0,1909177.0,1504024.0
BK02,BK02 Downtown Brooklyn-Fort Greene (CD 2 Approximation),Bk,Brooklyn,14,10519669.0,12060518.0,355192.0,356620.0,382382.0,384570.0,324376.0,341878.0,377567.0,364610.0,354884.0,400488.0,392539.0,317865.0,344007.0,393865.0,354703.0,364443.0,367250.0,383274.0,313027.0,325178.0,357249.0,359171.0,361137.0,396779.0,349110.0,293258.0,285128.0,315786.0,208480.0,180357.0,214496.0,407610.0,409550.0,430868.0,432432.0,379075.0,397049.0,422344.0,417631.0,408411.0,448101.0,443352.0,379579.0,393625.0,445283.0,404912.0,409775.0,416979.0,444844.0,370171.0,389285.0,407269.0,412265.0,417285.0,446757.0,390076.0,341673.0,332278.0,353211.0,244683.0,224490.0,239655.0,512781.0,136632.0,43358.0,89301.0,85006.0,18385.0,10620.0,97783.0,384618.0,138920.0,53117.0,572136.0,995601.0,155176.0,56735.0,703810.0,1503132.0,362215.0,220093.0,1395124.0,1956610.0,404181.0,173569.0,450766.0,616408.0,101607.0,13614.0,105214.0,162330.0,21972.0,15865.0,250624.0,900755.0,250343.0,195951.0,1285563.0,1936319.0,229141.0,86740.0,832649.0,1509724.0,205934.0,95818.0,955599.0,1566715.0,212014.0,61097.0,448522.0,1722667.0,1589499.0,872461.0,801616.0,1823827.0,1836488.0,1873111.0,1960754.0,1797430.0,1142349.0,1099675.0,2015533.0,2000924.0,2043853.0,1482395.0,1633986.0,2019195.0,1884882.0,1957579.0,1541632.0,1697144.0,1848193.0,2244942.0,2163244.0,2298362.0,1808633.0
BK03,BK03 Bedford-Stuyvesant (CD 3 Approximation),Bk,Brooklyn,6,3442356.0,4342662.0,115751.0,115039.0,121649.0,128243.0,105675.0,114707.0,127768.0,121121.0,115305.0,127122.0,129165.0,106883.0,116760.0,128562.0,114966.0,118183.0,120540.0,123566.0,102140.0,104503.0,121289.0,113425.0,118425.0,127714.0,116862.0,98828.0,93913.0,102948.0,64515.0,58604.0,68185.0,147221.0,148136.0,155347.0,153354.0,134023.0,148808.0,155601.0,151773.0,148899.0,159252.0,157210.0,134292.0,152191.0,155008.0,148739.0,149355.0,152708.0,154830.0,130317.0,139513.0,151912.0,147614.0,149332.0,160630.0,142608.0,119345.0,124124.0,122885.0,84025.0,78714.0,84896.0,93418.0,74197.0,,5589.0,21348.0,25344.0,215.0,27834.0,274486.0,425529.0,265.0,118207.0,431197.0,343023.0,,78327.0,360582.0,406413.0,,83733.0,355574.0,287099.0,,29976.0,307448.0,249271.0,,34454.0,106771.0,64707.0,135.0,18746.0,185468.0,310269.0,182.0,76028.0,322104.0,288916.0,,75563.0,400328.0,467596.0,,155606.0,618525.0,556892.0,,103653.0,578277.0,526906.0,293021.0,264586.0,594490.0,584639.0,600437.0,706716.0,645220.0,390171.0,441323.0,715762.0,708450.0,735020.0,539781.0,565140.0,662684.0,593553.0,614356.0,466842.0,665224.0,684560.0,812455.0,756082.0,791927.0,632414.0
BK04,BK04 Bushwick (CD 4 Equivalent),Bk,Brooklyn,9,5367529.0,4994811.0,170504.0,178316.0,197142.0,197680.0,168449.0,176343.0,191211.0,188683.0,183887.0,205660.0,204149.0,167512.0,178568.0,202604.0,180052.0,183126.0,181042.0,197003.0,165608.0,170823.0,187658.0,177996.0,181292.0,196160.0,178381.0,150362.0,145060.0,163700.0,104333.0,90065.0,104160.0,164807.0,164979.0,181248.0,174923.0,159184.0,170882.0,172540.0,174218.0,169062.0,188469.0,181143.0,156919.0,170328.0,179241.0,173899.0,169229.0,169529.0,176715.0,156180.0,167689.0,175059.0,172344.0,172281.0,185040.0,160309.0,138310.0,143463.0,144042.0,100058.0,88987.0,93734.0,191205.0,24491.0,,34642.0,44683.0,11064.0,,169651.0,606237.0,243658.0,3561.0,493909.0,807728.0,168520.0,1668.0,332144.0,710058.0,179290.0,1117.0,424507.0,654933.0,115128.0,,149335.0,421921.0,103076.0,,83876.0,140205.0,25662.0,,70914.0,269660.0,102659.0,4143.0,277768.0,494109.0,97756.0,1281.0,255938.0,584439.0,218031.0,1284.0,405467.0,873962.0,294052.0,,268608.0,899841.0,817607.0,493395.0,439774.0,905256.0,898487.0,913169.0,814052.0,739043.0,470187.0,526575.0,817711.0,802689.0,824554.0,837712.0,852138.0,1014368.0,921428.0,977539.0,764344.0,754185.0,781816.0,927468.0,856470.0,936611.0,738261.0
BK05,BK05 East New York-Cypress Hills (CD 5 Approximation),Bk,Brooklyn,14,3778796.0,4527221.0,123709.0,124471.0,141593.0,143546.0,113250.0,122926.0,140704.0,135187.0,128167.0,146077.0,146696.0,115304.0,125813.0,146217.0,124843.0,129236.0,134845.0,142336.0,110609.0,114125.0,128948.0,119184.0,125803.0,139101.0,130457.0,106949.0,93911.0,110877.0,72098.0,64223.0,77591.0,151299.0,149467.0,165699.0,163265.0,136962.0,151850.0,160207.0,156124.0,153626.0,175365.0,169797.0,142243.0,156423.0,170133.0,151927.0,154476.0,165274.0,166477.0,139437.0,148337.0,152425.0,147364.0,152755.0,166535.0,150441.0,127686.0,117217.0,124070.0,88958.0,79650.0,91732.0,91576.0,43111.0,,11150.0,23874.0,28383.0,149.0,116584.0,563004.0,467737.0,1153.0,281858.0,521121.0,233003.0,,134377.0,379626.0,249454.0,165.0,131810.0,298616.0,152459.0,,49586.0,279328.0,195797.0,,37189.0,104014.0,60220.0,61.0,28134.0,185414.0,229866.0,302.0,107071.0,310720.0,223670.0,,100935.0,471600.0,513710.0,1181.0,235638.0,764218.0,560578.0,,117575.0,635521.0,595426.0,301162.0,257484.0,658986.0,658827.0,671390.0,745286.0,693943.0,370664.0,389437.0,768337.0,773900.0,785654.0,578592.0,595599.0,721834.0,646561.0,698204.0,538006.0,671623.0,722215.0,850239.0,770480.0,839245.0,673419.0
BK06,BK06 Park Slope-Carroll Gardens (CD 6 Approximation),Bk,Brooklyn,6,5505727.0,7030615.0,184918.0,181650.0,204576.0,205027.0,171047.0,180743.0,201535.0,193421.0,188352.0,216587.0,207168.0,169044.0,183385.0,206455.0,182163.0,186453.0,192496.0,195322.0,159967.0,168773.0,184570.0,179582.0,179720.0,205942.0,183396.0,161189.0,147633.0,170739.0,107054.0,97021.0,109799.0,233047.0,228828.0,255661.0,243693.0,231246.0,229201.0,242926.0,246944.0,236937.0,263430.0,254669.0,228190.0,235896.0,252269.0,238975.0,240283.0,242506.0,244926.0,214958.0,234686.0,248488.0,236767.0,240419.0,263509.0,226376.0,204531.0,196514.0,200718.0,143907.0,137030.0,133085.0,319630.0,22609.0,,48321.0,52532.0,2643.0,4.0,74967.0,374043.0,78930.0,110.0,450080.0,701527.0,72341.0,,378786.0,831667.0,123417.0,,647176.0,952410.0,103173.0,1869.0,269492.0,408766.0,48181.0,,69493.0,129668.0,9286.0,12.0,107582.0,459074.0,118851.0,516.0,488690.0,890129.0,120740.0,,498962.0,1018455.0,167488.0,,704471.0,1259475.0,177156.0,2199.0,351421.0,914942.0,830966.0,475171.0,446083.0,954330.0,929577.0,954658.0,1142730.0,1009125.0,777480.0,752623.0,1140355.0,1089843.0,1118459.0,837172.0,866484.0,1062154.0,957678.0,1002379.0,779860.0,1031030.0,1066479.0,1318207.0,1237278.0,1308670.0,1068951.0
BK07,BK07 Sunset Park-Windsor Terrace (CD 7 Approximation),Bk,Brooklyn,4,1916500.0,2257558.0,64257.0,62956.0,70592.0,72081.0,61131.0,64606.0,70974.0,67949.0,65062.0,72435.0,73743.0,53754.0,61821.0,72424.0,61681.0,65718.0,64746.0,71913.0,57964.0,60600.0,66013.0,62060.0,63599.0,70265.0,63631.0,55417.0,52904.0,57559.0,37620.0,32878.0,38147.0,79404.0,73820.0,82133.0,80971.0,73343.0,76834.0,80480.0,79440.0,76812.0,86391.0,84099.0,68804.0,74167.0,82397.0,73060.0,75972.0,75019.0,82724.0,70076.0,77933.0,79711.0,76202.0,73820.0,79946.0,72655.0,64295.0,64397.0,62742.0,45441.0,40080.0,44390.0,57777.0,,,10325.0,12935.0,8.0,416.0,82443.0,294760.0,1653.0,476.0,268077.0,317264.0,,,147705.0,242803.0,,,185333.0,240367.0,187.0,,53971.0,186828.0,,,52164.0,68393.0,7.0,213.0,42669.0,135808.0,937.0,250.0,154655.0,217761.0,,,161341.0,311789.0,,,317011.0,455947.0,547.0,,151238.0,324259.0,297699.0,169031.0,149139.0,327312.0,320331.0,328729.0,374800.0,341966.0,207012.0,219495.0,370822.0,366209.0,377254.0,301621.0,305339.0,371843.0,319034.0,344999.0,273664.0,353656.0,356410.0,433887.0,368382.0,407346.0,337877.0
BK09,BK09 Crown Heights (South) (CD 9 Approximation),Bk,Brooklyn,11,7355798.0,8773635.0,246030.0,242174.0,267161.0,272077.0,233260.0,237652.0,264459.0,259349.0,247663.0,275136.0,280233.0,227498.0,238531.0,273614.0,241688.0,246586.0,254983.0,272772.0,226848.0,228474.0,254861.0,239711.0,249347.0,272585.0,247803.0,209908.0,196431.0,224588.0,145098.0,131191.0,148087.0,296477.0,284192.0,311883.0,311249.0,281969.0,293798.0,304915.0,308806.0,290062.0,326385.0,321657.0,280462.0,291092.0,318999.0,295242.0,293000.0,310969.0,321459.0,276970.0,291558.0,308343.0,297249.0,292946.0,318055.0,279040.0,243476.0,250166.0,256787.0,180454.0,168166.0,167809.0,248463.0,48882.0,3644.0,34349.0,47556.0,13128.0,760.0,211242.0,793089.0,233381.0,13042.0,752287.0,1124815.0,188740.0,15963.0,474308.0,930848.0,282264.0,67362.0,546744.0,832277.0,224812.0,49550.0,218292.0,745949.0,114034.0,2246.0,144919.0,221489.0,31077.0,4115.0,107647.0,440156.0,191600.0,42880.0,521665.0,860253.0,185443.0,26538.0,487891.0,1089880.0,260008.0,31073.0,884281.0,1510421.0,291465.0,15773.0,562832.0,1227106.0,1116541.0,653030.0,581479.0,1274340.0,1235249.0,1268053.0,1446323.0,1286037.0,837711.0,913393.0,1449640.0,1393911.0,1446620.0,1113451.0,1179765.0,1402160.0,1273207.0,1351325.0,1035890.0,1331019.0,1394891.0,1612256.0,1494838.0,1640863.0,1299768.0
BK10,BK10 Bay Ridge-Dyker Heights (CD 10 Approximation),Bk,Brooklyn,2,909385.0,782888.0,28821.0,31426.0,35887.0,33029.0,27710.0,31315.0,32963.0,31347.0,32945.0,37186.0,36865.0,26024.0,30178.0,33282.0,28879.0,29776.0,31260.0,35098.0,28391.0,29084.0,29681.0,28132.0,28900.0,32548.0,32479.0,27187.0,25724.0,27428.0,15771.0,10177.0,19892.0,24966.0,27413.0,31335.0,27300.0,23528.0,27219.0,27608.0,26340.0,28655.0,31899.0,31040.0,22402.0,26338.0,28212.0,24789.0,25008.0,27002.0,29751.0,25301.0,26946.0,25326.0,24396.0,24950.0,27870.0,27642.0,23099.0,23739.0,23370.0,13841.0,8938.0,16665.0,21498.0,,,5409.0,2047.0,,,47175.0,145821.0,234.0,,145921.0,153611.0,229.0,,78423.0,112700.0,678.0,814.0,79243.0,88915.0,117.0,363.0,26187.0,56962.0,,,17077.0,11142.0,,,11703.0,37977.0,136.0,,60442.0,74125.0,177.0,,55594.0,98407.0,667.0,954.0,120730.0,176661.0,227.0,877.0,59030.0,159974.0,146929.0,55956.0,45747.0,168221.0,163711.0,168847.0,136928.0,122990.0,48375.0,48552.0,143156.0,138618.0,144269.0,151014.0,156588.0,191614.0,143002.0,140123.0,127044.0,128357.0,133230.0,162522.0,124802.0,120229.0,113748.0
BK11,BK11 Bensonhurst-Bath Beach (CD 11 Approximation),Bk,Brooklyn,4,1902613.0,1312929.0,60563.0,62553.0,71399.0,72078.0,59240.0,62248.0,69663.0,66724.0,64004.0,72218.0,72740.0,53956.0,62109.0,71450.0,62911.0,65720.0,67400.0,70544.0,56725.0,58501.0,66156.0,61042.0,62984.0,70540.0,63529.0,53331.0,51198.0,59737.0,37674.0,35396.0,38280.0,42564.0,42736.0,50065.0,48409.0,39982.0,43711.0,47845.0,45978.0,44186.0,50568.0,49427.0,36224.0,43867.0,48318.0,43086.0,45653.0,46395.0,48077.0,39186.0,41842.0,45349.0,41791.0,43087.0,49452.0,43866.0,36424.0,36997.0,40636.0,26358.0,24089.0,26761.0,31563.0,16613.0,,1699.0,5394.0,7964.0,200.0,51210.0,280301.0,265064.0,1197.0,135677.0,296203.0,155592.0,,48426.0,178081.0,146153.0,,44488.0,133775.0,87555.0,21.0,15437.0,65200.0,55793.0,,6648.0,19600.0,13903.0,89.0,3903.0,50653.0,121867.0,85.0,14815.0,103993.0,86026.0,,21187.0,110611.0,145689.0,,58937.0,213890.0,190749.0,181.0,29110.0,314353.0,301748.0,168216.0,151757.0,324058.0,318386.0,324095.0,216740.0,206866.0,103404.0,115551.0,224174.0,221097.0,225097.0,292716.0,299166.0,369668.0,320180.0,348099.0,272784.0,200884.0,210000.0,252055.0,216398.0,242635.0,190957.0
BK12,BK12 Borough Park-Kensington (CD 12 Approximation),Bk,Brooklyn,8,3944838.0,3445912.0,127570.0,133117.0,149304.0,151200.0,118665.0,128775.0,146443.0,137026.0,133982.0,155364.0,153344.0,110951.0,128437.0,151267.0,129270.0,134468.0,140348.0,145416.0,112397.0,118802.0,131696.0,123849.0,133708.0,148563.0,137193.0,108458.0,104666.0,124528.0,76679.0,66698.0,82654.0,112844.0,114381.0,129133.0,127846.0,105204.0,117153.0,125284.0,116457.0,114994.0,132924.0,129241.0,95717.0,115135.0,129229.0,116009.0,118089.0,122734.0,124786.0,101750.0,108131.0,119229.0,112232.0,118410.0,130047.0,116433.0,92166.0,94163.0,104408.0,69114.0,61685.0,70984.0,56323.0,57026.0,,1497.0,10065.0,25755.0,336.0,14104.0,416962.0,849919.0,,46317.0,485990.0,500589.0,,24768.0,324258.0,465156.0,178.0,38758.0,303442.0,312613.0,18.0,10764.0,159917.0,208193.0,,2292.0,42051.0,45962.0,63.0,2669.0,102697.0,244193.0,,23431.0,228855.0,276112.0,,14070.0,301206.0,558981.0,434.0,27396.0,507695.0,688441.0,10.0,11244.0,671913.0,631285.0,283693.0,264854.0,698200.0,690752.0,704141.0,571425.0,544642.0,250110.0,293166.0,598542.0,586744.0,601283.0,615528.0,618884.0,759786.0,670296.0,715363.0,564981.0,527980.0,529083.0,644265.0,583286.0,642023.0,519275.0
BK13,BK13 Coney Island-Brighton Beach (CD 13 Approximation),Bk,Brooklyn,8,2832441.0,2696780.0,91296.0,91420.0,100439.0,104272.0,88047.0,90443.0,98998.0,96946.0,94414.0,108533.0,106769.0,82862.0,91643.0,105980.0,97496.0,95775.0,101392.0,108441.0,83560.0,91523.0,107217.0,95749.0,94788.0,103414.0,91414.0,75132.0,72323.0,83623.0,60061.0,59301.0,59170.0,87905.0,86182.0,94145.0,99500.0,83411.0,86745.0,91199.0,91582.0,91994.0,103545.0,98953.0,77974.0,87601.0,99371.0,95956.0,92843.0,99965.0,100235.0,80670.0,91322.0,100219.0,93777.0,89490.0,98543.0,83551.0,69341.0,69384.0,77170.0,59257.0,58098.0,56852.0,72515.0,50231.0,,5386.0,12205.0,19918.0,146.0,55075.0,305963.0,263396.0,756.0,176923.0,344564.0,175157.0,,116307.0,348965.0,249150.0,,127290.0,295829.0,172628.0,188.0,39849.0,126362.0,75947.0,,13304.0,41345.0,34404.0,45.0,13449.0,115496.0,149833.0,307.0,94860.0,277728.0,179611.0,,99138.0,347768.0,263981.0,,154957.0,405447.0,234671.0,436.0,67691.0,469626.0,448087.0,256560.0,233973.0,469740.0,475638.0,478817.0,449345.0,418213.0,249077.0,253049.0,441097.0,440446.0,445553.0,399879.0,409399.0,507384.0,492101.0,558865.0,464813.0,367467.0,379685.0,477196.0,465965.0,535808.0,470659.0
BK14,BK14 Flatbush-Midwood (CD 14 Approximation),Bk,Brooklyn,8,5004000.0,4687632.0,163201.0,163912.0,186344.0,189637.0,155282.0,163030.0,182346.0,176419.0,170786.0,191986.0,192295.0,150520.0,165058.0,189965.0,166462.0,172408.0,176102.0,182416.0,143428.0,149375.0,172201.0,159838.0,170029.0,185496.0,169842.0,135818.0,133697.0,157859.0,96620.0,87348.0,104280.0,153586.0,155138.0,174803.0,175416.0,145218.0,156099.0,165786.0,161218.0,159883.0,180993.0,175393.0,142035.0,156079.0,177573.0,157260.0,163950.0,166450.0,168328.0,134343.0,144847.0,157460.0,151411.0,161859.0,177859.0,155462.0,126401.0,126995.0,143628.0,92722.0,82960.0,96477.0,125115.0,46731.0,,18067.0,17971.0,23837.0,225.0,100599.0,608859.0,581229.0,2521.0,366346.0,722615.0,331702.0,,209401.0,554389.0,328193.0,105.0,229989.0,458193.0,207801.0,54.0,70058.0,290258.0,166882.0,,42762.0,79320.0,44681.0,96.0,22442.0,169591.0,178366.0,1531.0,170312.0,402326.0,248031.0,,131078.0,501933.0,474340.0,218.0,253139.0,799875.0,583501.0,161.0,126789.0,832180.0,795119.0,404463.0,360481.0,870054.0,865655.0,876048.0,766647.0,734663.0,379251.0,392079.0,806599.0,794917.0,813476.0,764266.0,790497.0,970665.0,849495.0,920235.0,708842.0,697339.0,720419.0,892034.0,809201.0,881003.0,687636.0
BK15,BK15 Sheepshead Bay-Gravesend (East) (CD 15 Approximation),Bk,Brooklyn,4,4325083.0,4460589.0,139023.0,145238.0,161223.0,162605.0,133821.0,140245.0,158691.0,151757.0,146957.0,165064.0,165592.0,129701.0,141189.0,166112.0,144592.0,146527.0,149150.0,159861.0,126907.0,133460.0,150601.0,140085.0,147780.0,157298.0,145768.0,119981.0,114660.0,134188.0,81874.0,74997.0,90136.0,145262.0,153062.0,164700.0,165440.0,134190.0,148154.0,160735.0,154462.0,150226.0,166287.0,164435.0,130936.0,147451.0,166391.0,148805.0,152465.0,155281.0,167045.0,132522.0,143205.0,156513.0,149052.0,153404.0,166298.0,150089.0,121641.0,121920.0,134182.0,85699.0,77967.0,92770.0,91746.0,43874.0,,7124.0,12570.0,21531.0,353.0,70416.0,525071.0,618808.0,174.0,254601.0,621767.0,346191.0,,135894.0,431831.0,327235.0,724.0,147542.0,389039.0,231148.0,103.0,47341.0,241050.0,136393.0,,21189.0,49289.0,28103.0,30.0,18404.0,160042.0,224632.0,148.0,131745.0,374686.0,253441.0,,120539.0,489837.0,461804.0,2204.0,249916.0,798383.0,580168.0,552.0,118034.0,712295.0,692347.0,351833.0,307050.0,748231.0,751550.0,761777.0,742051.0,710499.0,344869.0,362734.0,765116.0,757509.0,777811.0,651355.0,686503.0,831659.0,742804.0,797162.0,615600.0,650564.0,690060.0,842054.0,774695.0,833922.0,669294.0
BK16,BK16 Ocean Hill-Brownsville (CD 16 Approximation),Bk,Brooklyn,13,4647421.0,6091276.0,154071.0,153966.0,172469.0,174721.0,142662.0,150145.0,168593.0,161592.0,158031.0,178561.0,175269.0,138938.0,152082.0,176854.0,156598.0,158541.0,163358.0,173912.0,137222.0,133976.0,163813.0,152849.0,156799.0,171893.0,158815.0,130258.0,122622.0,143962.0,90642.0,79662.0,94545.0,205453.0,199697.0,221098.0,221834.0,192726.0,200989.0,213829.0,205045.0,201704.0,228863.0,224837.0,186118.0,205867.0,225371.0,207078.0,209308.0,215725.0,225828.0,185497.0,188633.0,213956.0,202258.0,204785.0,224272.0,203357.0,168786.0,166923.0,184317.0,124033.0,110673.0,122416.0,125803.0,44984.0,1349.0,22714.0,38881.0,22076.0,5067.0,178158.0,661290.0,449207.0,91816.0,418186.0,613502.0,233612.0,19662.0,193906.0,456442.0,238662.0,20780.0,200040.0,364669.0,155491.0,10303.0,80821.0,419344.0,151283.0,8000.0,85729.0,158653.0,45503.0,2098.0,70204.0,292550.0,189065.0,11623.0,244363.0,468737.0,184695.0,13515.0,254742.0,697261.0,374173.0,79168.0,563460.0,1056746.0,421361.0,36969.0,262034.0,768772.0,722722.0,363991.0,315359.0,821944.0,822670.0,831963.0,1009046.0,928882.0,508319.0,520405.0,1046310.0,1031656.0,1046658.0,696087.0,725963.0,875947.0,804350.0,860348.0,684726.0,913560.0,936221.0,1117748.0,1055239.0,1139900.0,928608.0
BK17,BK17 East Flatbush (CD 17 Approximation),Bk,Brooklyn,6,4962798.0,4595755.0,167106.0,169548.0,181343.0,182464.0,156351.0,157952.0,179321.0,178188.0,170278.0,186943.0,187856.0,153879.0,161213.0,184721.0,168122.0,167534.0,171477.0,181290.0,147069.0,146206.0,170985.0,169136.0,169090.0,183459.0,165891.0,140057.0,128774.0,151034.0,98352.0,82899.0,104260.0,155910.0,155310.0,166521.0,169703.0,145899.0,145407.0,162245.0,160512.0,154756.0,173658.0,170281.0,142763.0,150388.0,164640.0,155236.0,156761.0,158486.0,168477.0,132758.0,145132.0,157847.0,157257.0,157552.0,178208.0,148744.0,127708.0,126115.0,137827.0,92933.0,81362.0,95359.0,110907.0,45721.0,18928.0,28359.0,26631.0,32371.0,35476.0,194201.0,648473.0,454559.0,162643.0,474914.0,623324.0,221467.0,55331.0,223622.0,433931.0,226868.0,73436.0,230832.0,364660.0,146442.0,37593.0,92109.0,308761.0,81338.0,32614.0,74841.0,99988.0,28776.0,18305.0,61242.0,166499.0,113914.0,66146.0,204124.0,317998.0,115131.0,49106.0,215025.0,495972.0,226325.0,117693.0,468728.0,753291.0,249746.0,78866.0,251326.0,809854.0,760731.0,438941.0,348510.0,862294.0,868848.0,873620.0,749700.0,685613.0,420164.0,434167.0,762669.0,769931.0,773511.0,730024.0,770954.0,946150.0,876990.0,912029.0,726651.0,673604.0,706338.0,849992.0,802358.0,862905.0,700558.0
BK18,BK18 Canarsie-Flatlands (CD 18 Approximation),Bk,Brooklyn,1,374147.0,267455.0,12263.0,11795.0,13394.0,15241.0,10550.0,11465.0,13855.0,12845.0,13093.0,14115.0,15430.0,11258.0,12616.0,15449.0,13263.0,12676.0,13010.0,14276.0,11013.0,10121.0,13931.0,11782.0,11670.0,13770.0,13308.0,10097.0,8937.0,12470.0,6960.0,5672.0,7822.0,9426.0,8774.0,9688.0,10434.0,7376.0,8792.0,9369.0,8800.0,9258.0,9811.0,11058.0,8121.0,9114.0,10537.0,9098.0,9271.0,9628.0,10538.0,7450.0,8011.0,9301.0,8503.0,8841.0,9796.0,9443.0,6721.0,6216.0,8040.0,5587.0,4539.0,5914.0,10943.0,15150.0,,,2124.0,5721.0,294.0,,47016.0,84688.0,,,36287.0,40046.0,,,28311.0,42430.0,,,27461.0,33676.0,,,11283.0,13445.0,,,4072.0,4644.0,97.0,,11237.0,24161.0,,,19184.0,25012.0,,,23190.0,44139.0,,,37527.0,49464.0,,,63412.0,59288.0,30958.0,18426.0,67306.0,66960.0,67797.0,47568.0,41632.0,18342.0,16271.0,47812.0,47875.0,47955.0,62290.0,62869.0,67558.0,61097.0,67145.0,53188.0,43463.0,44146.0,46687.0,44494.0,48633.0,40032.0
BK55,BK55 Prospect Park (JIA 55 Approximation),Bk,Brooklyn,1,276067.0,515311.0,8731.0,9009.0,9487.0,9824.0,9594.0,8713.0,9263.0,9587.0,9264.0,10471.0,10383.0,9157.0,8793.0,10182.0,9875.0,9916.0,10026.0,9761.0,9212.0,8995.0,9216.0,9147.0,9401.0,10416.0,8133.0,7915.0,7340.0,8194.0,6191.0,5202.0,4669.0,18647.0,18423.0,18263.0,18879.0,15414.0,14520.0,17450.0,18491.0,15634.0,18004.0,18638.0,16352.0,15437.0,18618.0,20112.0,19015.0,19268.0,17496.0,16639.0,18294.0,17190.0,16897.0,17876.0,20530.0,14524.0,13390.0,13906.0,14712.0,12319.0,11687.0,8686.0,11002.0,,,2079.0,1805.0,,,4187.0,17948.0,,,29314.0,40408.0,,,23202.0,47128.0,438.0,,36808.0,51996.0,,,9752.0,41287.0,,,5917.0,9393.0,,,2851.0,14386.0,,,33530.0,71175.0,,,40953.0,95006.0,1086.0,,63956.0,104861.0,,,30910.0,47757.0,33241.0,32737.0,27388.0,47347.0,41041.0,46556.0,88563.0,60020.0,59562.0,60499.0,85400.0,74445.0,86822.0,41389.0,45329.0,48335.0,51847.0,50412.0,38755.0,72224.0,74990.0,87356.0,100706.0,103630.0,76405.0
BX01,BX01 Melrose-Mott Haven-Port Morris (CD 1 Approximation),Bx,Bronx,9,4920002.0,5061743.0,162017.0,161652.0,183431.0,186786.0,151825.0,161591.0,180616.0,174032.0,168998.0,187193.0,188876.0,148705.0,162923.0,187118.0,165044.0,171657.0,171293.0,179125.0,143058.0,150486.0,165382.0,153582.0,163396.0,179377.0,169189.0,139650.0,130238.0,151376.0,96771.0,83714.0,100901.0,169052.0,164441.0,182367.0,181058.0,154881.0,171244.0,176643.0,174515.0,169564.0,186431.0,183318.0,154189.0,169332.0,188150.0,171404.0,174053.0,173023.0,194729.0,163992.0,161866.0,185044.0,173301.0,168862.0,183956.0,169694.0,141847.0,136958.0,146391.0,100862.0,88271.0,102305.0,143447.0,47444.0,,20846.0,36373.0,26194.0,104.0,108689.0,517228.0,446262.0,7.0,269619.0,584008.0,278669.0,,229045.0,629561.0,413827.0,167.0,276903.0,575846.0,218491.0,35.0,97237.0,302393.0,147528.0,,54201.0,115069.0,45327.0,14.0,87498.0,410103.0,287639.0,217.0,255184.0,566696.0,209264.0,,214872.0,578163.0,336471.0,326.0,272753.0,688838.0,330426.0,291.0,158470.0,832615.0,767612.0,405542.0,343601.0,857113.0,849638.0,863881.0,832109.0,775728.0,460715.0,462460.0,843423.0,838223.0,849085.0,753512.0,768173.0,948670.0,861879.0,904725.0,683043.0,761857.0,763417.0,914479.0,892353.0,969124.0,760513.0
BX02,BX02 Longwood-Hunts Point (CD 2 Approximation),Bx,Bronx,6,2486024.0,2838740.0,80232.0,81793.0,90642.0,94924.0,74974.0,80043.0,90552.0,87048.0,84205.0,95070.0,96587.0,74460.0,81254.0,95769.0,81547.0,85441.0,87502.0,94625.0,75552.0,74129.0,86484.0,79760.0,82837.0,90135.0,84474.0,71033.0,65860.0,78074.0,47723.0,42874.0,50421.0,93584.0,93699.0,104765.0,103087.0,83155.0,92867.0,100442.0,97629.0,95700.0,108092.0,106838.0,85025.0,95443.0,108018.0,94551.0,97903.0,101198.0,106948.0,85605.0,89822.0,99233.0,93129.0,95410.0,104883.0,94642.0,79701.0,77557.0,85066.0,55734.0,50845.0,58169.0,53172.0,66543.0,,1281.0,14292.0,28255.0,119.0,8784.0,251153.0,476724.0,,22074.0,248100.0,272299.0,,10581.0,234399.0,371959.0,,11756.0,200778.0,209956.0,,3799.0,131778.0,170370.0,,6537.0,56266.0,55481.0,44.0,4484.0,149778.0,309619.0,,17515.0,199188.0,230462.0,,14174.0,250613.0,429457.0,,32073.0,348968.0,417744.0,,14189.0,424658.0,385833.0,214467.0,161829.0,432395.0,428240.0,438602.0,475531.0,439557.0,228658.0,236523.0,488137.0,479613.0,490721.0,385591.0,394214.0,479109.0,424717.0,452048.0,350345.0,429483.0,436048.0,530014.0,476704.0,535391.0,431100.0
BX03,BX03 Morrisania-Crotona Park East (CD 3 Approximation),Bx,Bronx,2,814801.0,1201577.0,26354.0,26248.0,30824.0,30557.0,24922.0,26890.0,29966.0,29044.0,27828.0,31462.0,31969.0,24294.0,27310.0,30937.0,26596.0,28322.0,28557.0,30452.0,23329.0,24380.0,27657.0,25022.0,27212.0,30093.0,27762.0,22355.0,22154.0,25784.0,15996.0,14087.0,16438.0,39898.0,40562.0,44059.0,44507.0,37177.0,40732.0,42823.0,41752.0,41315.0,46199.0,45542.0,36881.0,41604.0,45346.0,40285.0,43135.0,43327.0,43431.0,34090.0,37554.0,39245.0,37530.0,40511.0,43988.0,39030.0,32370.0,32418.0,36253.0,23679.0,22135.0,24199.0,13058.0,15050.0,,,3539.0,9264.0,,207.0,85884.0,171223.0,,,78941.0,101234.0,,211.0,78992.0,133103.0,,,56788.0,67000.0,,307.0,56732.0,78128.0,,,21121.0,24004.0,,474.0,43561.0,118913.0,,,77962.0,113021.0,,62.0,109055.0,209345.0,,,142141.0,206062.0,,996.0,139999.0,128230.0,65585.0,56224.0,141771.0,139530.0,143462.0,201696.0,184896.0,97942.0,101534.0,203376.0,202677.0,209456.0,126154.0,128625.0,159003.0,140555.0,147150.0,113314.0,183668.0,180232.0,224576.0,208397.0,222636.0,182068.0
BX04,BX04 Highbridge-Concourse (CD 4 Approximation),Bx,Bronx,4,4457936.0,4387686.0,146984.0,147061.0,159474.0,161405.0,139628.0,137553.0,154486.0,162809.0,154513.0,162377.0,180656.0,147885.0,142667.0,165165.0,150966.0,151723.0,154060.0,163060.0,136538.0,133384.0,156592.0,141166.0,154104.0,171732.0,146902.0,131576.0,116448.0,140510.0,84235.0,77217.0,85060.0,146387.0,148986.0,155493.0,150761.0,137961.0,136790.0,145189.0,156353.0,151191.0,173785.0,169717.0,142014.0,140081.0,166301.0,145136.0,149180.0,143931.0,164229.0,135575.0,136841.0,152930.0,152403.0,164221.0,169664.0,139288.0,122506.0,119088.0,125342.0,82699.0,77303.0,86341.0,244249.0,7835.0,,25493.0,31706.0,5698.0,390.0,224566.0,689035.0,110706.0,,459475.0,646953.0,58703.0,,310112.0,624445.0,72642.0,,318347.0,489217.0,31697.0,0.0,106667.0,362091.0,33981.0,,85621.0,131133.0,10961.0,122.0,77405.0,263275.0,40886.0,,254941.0,464539.0,35427.0,,275750.0,617462.0,68461.0,,455074.0,892834.0,72361.0,1.0,245361.0,741976.0,668612.0,432574.0,352439.0,757236.0,728107.0,776992.0,704091.0,633352.0,450151.0,444524.0,713481.0,705157.0,736930.0,654911.0,665488.0,810764.0,811887.0,844962.0,669924.0,632786.0,631715.0,767097.0,802201.0,844200.0,709687.0
BX05,BX05 Morris Heights-Mount Hope (CD 5 Approximation),Bx,Bronx,6,2926313.0,2738672.0,95124.0,96425.0,107236.0,108971.0,89371.0,95952.0,106870.0,103173.0,100540.0,111871.0,112366.0,89964.0,96306.0,108987.0,97846.0,98803.0,102521.0,107891.0,86670.0,89743.0,101680.0,94225.0,98258.0,106663.0,98921.0,83024.0,79852.0,92075.0,57771.0,49658.0,57556.0,89788.0,91884.0,98247.0,96565.0,80976.0,92629.0,97578.0,95272.0,95038.0,105071.0,102928.0,84496.0,91226.0,99858.0,95520.0,93111.0,97264.0,98354.0,80472.0,88069.0,95517.0,92731.0,94555.0,101559.0,90597.0,77307.0,76611.0,83562.0,54140.0,45892.0,51855.0,81632.0,13088.0,,12784.0,19002.0,10610.0,280.0,133180.0,465159.0,165064.0,,311823.0,433416.0,73344.0,,179844.0,365944.0,75319.0,,198238.0,278054.0,43296.0,,66236.0,214450.0,60738.0,,54013.0,89978.0,25257.0,150.0,34675.0,126789.0,63024.0,,138634.0,235469.0,55225.0,,135746.0,319070.0,124306.0,,264442.0,491844.0,155305.0,,149557.0,496126.0,456709.0,246258.0,213020.0,504431.0,497170.0,512599.0,452579.0,420153.0,234905.0,246838.0,459597.0,452231.0,472369.0,460469.0,467628.0,569805.0,505376.0,526456.0,396579.0,420527.0,455318.0,522183.0,460458.0,493243.0,386943.0
BX06,BX06 Tremont-Belmont-West Farms (CD 6 Approximation),Bx,Bronx,3,1220162.0,1330292.0,39397.0,39800.0,44149.0,46092.0,37605.0,38768.0,44001.0,43180.0,41969.0,46099.0,47009.0,36892.0,40437.0,46146.0,41194.0,42351.0,42001.0,45882.0,36073.0,36916.0,42368.0,38652.0,41535.0,44629.0,41736.0,34829.0,32279.0,37921.0,23420.0,22170.0,24662.0,44508.0,43132.0,47363.0,48946.0,40424.0,44296.0,46910.0,46551.0,45075.0,50086.0,49542.0,40826.0,46001.0,48046.0,47262.0,46254.0,47935.0,49787.0,39225.0,43039.0,45349.0,42742.0,44014.0,49177.0,44281.0,36281.0,36543.0,39534.0,26340.0,24064.0,26759.0,23502.0,33784.0,,,6449.0,16852.0,,315.0,145432.0,286237.0,,,117545.0,138881.0,,262.0,100477.0,173008.0,,336.0,77708.0,99374.0,,,59251.0,83258.0,,,23696.0,28116.0,,58.0,51142.0,119476.0,,,80100.0,118767.0,,271.0,110403.0,226264.0,,577.0,179257.0,249656.0,,,205258.0,187593.0,107846.0,82886.0,210768.0,208815.0,216996.0,223011.0,204211.0,105144.0,107558.0,226321.0,228906.0,235141.0,185857.0,191721.0,235107.0,214506.0,221888.0,171083.0,203104.0,205097.0,246968.0,233149.0,243272.0,198702.0
BX07,BX07 Fordham-Bedford Park-Norwood (CD 7 Approximation),Bx,Bronx,6,5439765.0,4358413.0,175758.0,179662.0,202524.0,204565.0,168715.0,176137.0,198555.0,192861.0,185338.0,209688.0,209953.0,166904.0,175425.0,204772.0,177702.0,184770.0,190279.0,199086.0,162270.0,165323.0,188306.0,177200.0,183490.0,197954.0,182959.0,155541.0,146113.0,169710.0,106524.0,92015.0,109666.0,139806.0,143099.0,161308.0,159926.0,136542.0,144301.0,155641.0,152442.0,148138.0,165925.0,164045.0,132689.0,145579.0,160240.0,147171.0,148608.0,155352.0,154697.0,130505.0,139230.0,152741.0,144874.0,147941.0,160244.0,143604.0,121124.0,120731.0,131835.0,89435.0,72292.0,88348.0,155475.0,69325.0,,15624.0,35133.0,41474.0,722.0,142677.0,745685.0,702506.0,887.0,295895.0,641086.0,331653.0,,183531.0,611891.0,419249.0,,239077.0,492545.0,228356.0,149.0,86825.0,266413.0,207098.0,,41804.0,120307.0,70991.0,149.0,30826.0,188871.0,228597.0,652.0,125592.0,327068.0,213711.0,,114984.0,431588.0,443260.0,,222206.0,700720.0,516905.0,354.0,106317.0,910691.0,841323.0,471043.0,388637.0,939974.0,937504.0,950593.0,718819.0,665600.0,373414.0,380219.0,740657.0,734741.0,744963.0,831299.0,869666.0,1051476.0,942185.0,993247.0,751892.0,647788.0,686131.0,829172.0,760011.0,805766.0,629545.0
BX08,BX08 Riverdale-Kingsbridge-Marble Hill (CD 8 Approximation),Bx,Bronx,2,704513.0,170975.0,22533.0,23723.0,24811.0,25788.0,20926.0,22355.0,25149.0,24696.0,23915.0,26806.0,26778.0,22390.0,24000.0,26345.0,22891.0,24210.0,24717.0,26427.0,21392.0,21627.0,24458.0,22855.0,23698.0,25223.0,23628.0,21515.0,19680.0,21984.0,13645.0,12193.0,14155.0,5542.0,5808.0,5671.0,6497.0,4966.0,5626.0,5932.0,5895.0,5718.0,6462.0,6366.0,5537.0,6562.0,6191.0,5748.0,6088.0,5888.0,6089.0,5076.0,5514.0,5724.0,5515.0,5740.0,6290.0,5382.0,5051.0,5055.0,5080.0,3423.0,3166.0,3373.0,18024.0,7498.0,,2429.0,3494.0,3737.0,,16733.0,94121.0,74028.0,,51966.0,94244.0,38429.0,,30190.0,83160.0,43402.0,,35464.0,68119.0,27850.0,,11625.0,9961.0,3820.0,,2166.0,3778.0,1701.0,,1457.0,7956.0,3418.0,,7499.0,14049.0,4685.0,,7824.0,22128.0,8661.0,,19455.0,36490.0,9885.0,,6042.0,116487.0,110248.0,62203.0,54119.0,120155.0,119694.0,121607.0,28363.0,25913.0,15372.0,15715.0,28274.0,28145.0,29193.0,104243.0,111390.0,137268.0,123023.0,127738.0,100851.0,25065.0,25605.0,32683.0,28368.0,31732.0,27522.0
BX09,BX09 Soundview-Parkchester (CD 9 Approximation),Bx,Bronx,4,2278944.0,3462627.0,73817.0,74948.0,79442.0,87488.0,71521.0,72443.0,78842.0,72930.0,81239.0,87713.0,92720.0,73601.0,78537.0,87574.0,74889.0,75615.0,83098.0,86247.0,72010.0,72932.0,81095.0,73347.0,75799.0,82112.0,74283.0,62749.0,59613.0,68513.0,41134.0,39789.0,42904.0,113118.0,112148.0,122102.0,126971.0,107895.0,117249.0,114409.0,110007.0,119393.0,121276.0,130514.0,109479.0,118707.0,130128.0,114912.0,119538.0,126389.0,129385.0,107838.0,113498.0,121738.0,117474.0,118619.0,129212.0,114978.0,94598.0,96171.0,105150.0,69560.0,61918.0,68253.0,50545.0,35609.0,,5182.0,13496.0,26330.0,,66829.0,380994.0,315429.0,1798.0,126899.0,297747.0,196272.0,,57649.0,216496.0,188730.0,,50881.0,133813.0,95786.0,,18459.0,232324.0,183638.0,,34874.0,100364.0,56553.0,,16452.0,108181.0,148085.0,794.0,54583.0,188473.0,163982.0,,67447.0,349523.0,440068.0,,168921.0,573836.0,487504.0,,87025.0,392164.0,348748.0,216820.0,173098.0,390059.0,372565.0,385490.0,580004.0,527024.0,296139.0,311879.0,580923.0,570780.0,595878.0,378460.0,363110.0,422572.0,383292.0,412550.0,318960.0,529491.0,507978.0,648528.0,602680.0,653616.0,520334.0
BX10,BX10 Co-op City-Throgs Neck (CD 10 Approximation),Bx,Bronx,6,1973691.0,2508153.0,64564.0,65240.0,74101.0,75696.0,60282.0,64507.0,72823.0,68788.0,66557.0,74508.0,76363.0,59667.0,64701.0,75003.0,64136.0,67211.0,67710.0,72988.0,57398.0,59870.0,68073.0,64183.0,65407.0,73485.0,67373.0,56164.0,52461.0,61938.0,38488.0,32734.0,41272.0,81728.0,83661.0,91233.0,92513.0,78214.0,82818.0,90779.0,86069.0,84191.0,93285.0,93488.0,78357.0,82443.0,90501.0,83607.0,86083.0,87049.0,94167.0,77038.0,80142.0,85717.0,83622.0,85013.0,93382.0,82941.0,70413.0,69169.0,75260.0,50692.0,44368.0,50210.0,62999.0,12845.0,,9313.0,14041.0,9163.0,,85920.0,334861.0,166386.0,2048.0,173590.0,257449.0,69995.0,,102959.0,231754.0,76573.0,,103731.0,179560.0,39054.0,,41450.0,164457.0,50035.0,,34707.0,62986.0,16369.0,,33925.0,142265.0,65338.0,1755.0,134444.0,240291.0,64190.0,,119904.0,319419.0,154091.0,,191241.0,431603.0,176134.0,,104999.0,336295.0,312841.0,151821.0,122993.0,349025.0,346179.0,354537.0,419837.0,383186.0,215110.0,205729.0,426469.0,419962.0,437860.0,298425.0,309562.0,378131.0,342402.0,361883.0,283288.0,375369.0,382603.0,466428.0,432045.0,470691.0,381017.0
BX11,BX11 Pelham Parkway-Morris Park (CD 11 Approximation),Bx,Bronx,3,1324434.0,1207187.0,43349.0,44203.0,49464.0,51706.0,40449.0,43339.0,49071.0,46294.0,44902.0,50685.0,52363.0,39954.0,43708.0,51211.0,43615.0,45464.0,45764.0,50143.0,38310.0,39717.0,45439.0,41289.0,44682.0,49049.0,45177.0,36977.0,32895.0,41846.0,25261.0,21152.0,26956.0,40914.0,39546.0,45160.0,45580.0,36825.0,40182.0,44233.0,40009.0,40447.0,46121.0,46897.0,36385.0,41589.0,46114.0,40415.0,41764.0,42343.0,44178.0,35221.0,38287.0,40971.0,38843.0,41054.0,44960.0,40033.0,32891.0,31832.0,36259.0,23960.0,20329.0,23845.0,24485.0,29846.0,,,5449.0,15251.0,,,154937.0,315333.0,,283.0,130621.0,146508.0,,,117055.0,182188.0,,,92129.0,110349.0,,,48636.0,67814.0,,,15915.0,21091.0,,,36553.0,99542.0,,160.0,76364.0,106577.0,,,104433.0,223475.0,,,166332.0,240295.0,,,227635.0,210270.0,104806.0,80909.0,231905.0,233206.0,235703.0,206737.0,186685.0,92418.0,88582.0,210001.0,209767.0,212997.0,207856.0,213518.0,260556.0,228814.0,232908.0,180782.0,178781.0,180986.0,229316.0,215986.0,220984.0,181134.0
BX12,BX12 Wakefield-Williamsbridge-Eastchester (CD 12 Approximation),Bx,Bronx,9,3091845.0,3508585.0,101003.0,103754.0,116554.0,115455.0,93990.0,100098.0,114311.0,110567.0,102326.0,114331.0,121029.0,93520.0,102935.0,120381.0,100409.0,107655.0,108284.0,114821.0,89371.0,92899.0,106305.0,98250.0,103195.0,114075.0,104470.0,87708.0,81991.0,98184.0,58705.0,51304.0,63965.0,118700.0,117709.0,130547.0,125755.0,109127.0,115713.0,127313.0,127563.0,116874.0,126938.0,134877.0,108958.0,118809.0,133971.0,118093.0,124301.0,124371.0,127748.0,103359.0,108598.0,117473.0,112344.0,117782.0,129539.0,112953.0,97335.0,95253.0,106832.0,67675.0,61632.0,70443.0,64606.0,67946.0,,2662.0,18468.0,42896.0,,29407.0,444941.0,689399.0,,54018.0,303689.0,301292.0,,22859.0,250248.0,348430.0,,19310.0,199316.0,224562.0,,7796.0,171185.0,181760.0,,10338.0,67219.0,59581.0,,6332.0,148328.0,298029.0,,28500.0,233217.0,260441.0,,33775.0,323572.0,491694.0,,93168.0,528792.0,532364.0,,40290.0,521817.0,488652.0,243910.0,195786.0,546380.0,543394.0,551906.0,581012.0,539249.0,286608.0,281692.0,599865.0,604166.0,615993.0,476420.0,480958.0,601816.0,540238.0,564235.0,428178.0,535512.0,536088.0,654921.0,605239.0,646249.0,530576.0
MN01,MN01 Financial District-Tribeca (CD 1 Equivalent),M,Manhattan,17,19176623.0,24460036.0,641883.0,642563.0,703245.0,699250.0,582362.0,608014.0,690075.0,671227.0,646986.0,718393.0,709139.0,577079.0,616657.0,732513.0,665221.0,675296.0,670211.0,714880.0,579551.0,584254.0,671706.0,652518.0,669303.0,715016.0,642933.0,530554.0,493166.0,580878.0,385826.0,318067.0,387857.0,818551.0,816018.0,879386.0,872002.0,759891.0,780329.0,860069.0,846680.0,826419.0,890975.0,875055.0,744840.0,793993.0,909863.0,851297.0,868510.0,858565.0,902314.0,769877.0,782471.0,868130.0,848475.0,860239.0,910814.0,790490.0,681960.0,644462.0,725407.0,500540.0,433718.0,488696.0,647985.0,325922.0,61659.0,130541.0,114667.0,41980.0,13399.0,155195.0,755300.0,828446.0,220898.0,707290.0,1390436.0,855941.0,204562.0,862271.0,2264944.0,1617485.0,504170.0,1963078.0,3283995.0,1515040.0,222291.0,489128.0,811273.0,474760.0,105949.0,183559.0,209164.0,98165.0,35595.0,336135.0,1422962.0,1391508.0,551742.0,2004744.0,3440968.0,1612143.0,318258.0,1173984.0,2255856.0,1533835.0,404240.0,1363899.0,2403366.0,1403016.0,274532.0,650383.0,3149983.0,2908328.0,1581418.0,1279052.0,3453865.0,3380525.0,3423452.0,3917852.0,3668196.0,2235632.0,2023051.0,4260868.0,4155636.0,4198801.0,2511887.0,2836785.0,3677537.0,3587834.0,3620194.0,2942386.0,3138074.0,3548567.0,4604666.0,4555846.0,4695908.0,3916975.0
MN02,MN02 Greenwich Village-SoHo (CD 2 Equivalent),M,Manhattan,12,12005066.0,17551163.0,391757.0,400559.0,419009.0,417173.0,384679.0,398558.0,407817.0,413526.0,407857.0,441426.0,429684.0,382609.0,404153.0,432511.0,422597.0,418399.0,423254.0,435291.0,393667.0,410156.0,419343.0,420219.0,418615.0,436700.0,376830.0,337479.0,338632.0,338340.0,245600.0,222313.0,216313.0,558523.0,576954.0,590284.0,597831.0,590298.0,574290.0,590209.0,605758.0,593405.0,625708.0,622033.0,579815.0,591229.0,625818.0,619393.0,613736.0,614756.0,637900.0,605688.0,602535.0,619619.0,620824.0,613447.0,622103.0,536225.0,507745.0,487610.0,492269.0,377825.0,349942.0,307391.0,750868.0,374984.0,15815.0,98061.0,172831.0,52897.0,3799.0,37087.0,184236.0,222160.0,12181.0,230388.0,684399.0,556283.0,22901.0,415732.0,1549850.0,1436542.0,74636.0,867413.0,2319647.0,1438126.0,70436.0,413794.0,609178.0,309136.0,5500.0,75065.0,153451.0,72300.0,5620.0,117027.0,716105.0,1113304.0,63511.0,739329.0,2321144.0,1886905.0,57077.0,701132.0,2137039.0,1670818.0,59900.0,791114.0,2146671.0,1403240.0,40290.0,356307.0,1950296.0,1675925.0,1284672.0,1269900.0,1975292.0,1884488.0,1964493.0,2809958.0,2358249.0,2245504.0,2043132.0,2767991.0,2608258.0,2718071.0,1628166.0,1849690.0,2245831.0,2228599.0,2256118.0,1796662.0,2319568.0,2675452.0,3222794.0,3219886.0,3392030.0,2721433.0
MN03,MN03 Lower East Side-Chinatown (CD 3 Equivalent),M,Manhattan,6,6272926.0,9805400.0,202231.0,209346.0,229451.0,229834.0,205847.0,216580.0,219973.0,214470.0,209230.0,226280.0,229540.0,200966.0,211941.0,233443.0,214160.0,214455.0,217251.0,223063.0,199357.0,210852.0,213854.0,212154.0,212028.0,229726.0,197634.0,164224.0,172172.0,188621.0,130949.0,115423.0,117871.0,312299.0,322878.0,344809.0,343085.0,334411.0,332492.0,326298.0,329396.0,321591.0,353334.0,354074.0,329070.0,325399.0,355250.0,344170.0,334137.0,339892.0,356697.0,334417.0,348647.0,339664.0,341891.0,336399.0,360763.0,297014.0,259261.0,274040.0,280392.0,209765.0,188967.0,174898.0,429058.0,100173.0,,70666.0,104941.0,27603.0,90.0,63926.0,280987.0,141976.0,2399.0,310787.0,624349.0,161975.0,1617.0,434296.0,982756.0,338074.0,2681.0,612078.0,1033758.0,259616.0,120.0,289000.0,719293.0,137144.0,,111761.0,190821.0,35810.0,66.0,146762.0,650059.0,273772.0,4696.0,703983.0,1320331.0,300874.0,3289.0,621159.0,1216776.0,378837.0,2709.0,684092.0,1334057.0,441477.0,96.0,527536.0,1012384.0,939821.0,629327.0,640225.0,1024661.0,996541.0,1029967.0,1592109.0,1365808.0,1175888.0,1196107.0,1530324.0,1445921.0,1499243.0,984458.0,972351.0,1159021.0,1097785.0,1153308.0,906003.0,1515714.0,1500818.0,1768443.0,1718105.0,1812742.0,1489578.0
MN04,MN04 Chelsea-Hell's Kitchen (CD 4 Approximation),M,Manhattan,4,6246420.0,9003141.0,203123.0,207549.0,225683.0,221279.0,202243.0,210243.0,217362.0,217396.0,210729.0,233794.0,230055.0,198689.0,208306.0,227976.0,215764.0,214843.0,216371.0,223288.0,200605.0,205495.0,219162.0,214781.0,205598.0,227407.0,197529.0,177910.0,171756.0,180667.0,127581.0,116783.0,116453.0,293826.0,299602.0,315267.0,319343.0,295313.0,300580.0,309447.0,314071.0,301688.0,324546.0,323980.0,289861.0,299724.0,325939.0,309908.0,309766.0,310564.0,325786.0,297717.0,298996.0,317708.0,314997.0,306177.0,326037.0,279881.0,259812.0,247462.0,256751.0,188571.0,176043.0,163778.0,373638.0,205802.0,14205.0,57088.0,84965.0,40310.0,4858.0,26742.0,170413.0,240822.0,15783.0,133069.0,416381.0,338532.0,19562.0,233993.0,805102.0,640518.0,61487.0,448872.0,1014577.0,641095.0,50981.0,207625.0,341760.0,204834.0,6596.0,42798.0,92507.0,46502.0,10138.0,79675.0,440458.0,615389.0,76226.0,426648.0,1156106.0,826309.0,41129.0,348214.0,1028346.0,774754.0,49951.0,418689.0,1074714.0,682353.0,32447.0,186598.0,1010493.0,908685.0,639123.0,628098.0,1018879.0,1007201.0,1033941.0,1463964.0,1277128.0,1026718.0,966261.0,1443961.0,1390467.0,1434642.0,896534.0,967996.0,1170427.0,1127025.0,1168015.0,916423.0,1244115.0,1349996.0,1666770.0,1644162.0,1710164.0,1387934.0
MN05,MN05 Midtown-Flatiron-Union Square (CD 5 Approximation),M,Manhattan,24,57373279.0,80931465.0,1915966.0,1938282.0,2063116.0,2046717.0,1799457.0,1890666.0,2013672.0,1972413.0,1945401.0,2132175.0,2093878.0,1788802.0,1888816.0,2091138.0,1973732.0,1991800.0,2035095.0,2088206.0,1803164.0,1888220.0,1986813.0,1967050.0,1977685.0,2114849.0,1843493.0,1585638.0,1563985.0,1685962.0,1152717.0,1022571.0,1111800.0,2685792.0,2714796.0,2834861.0,2853752.0,2606375.0,2656098.0,2780468.0,2738396.0,2742977.0,2942198.0,2913578.0,2615051.0,2661947.0,2911289.0,2801012.0,2795831.0,2847549.0,2932764.0,2638813.0,2742629.0,2838659.0,2821794.0,2792188.0,2961448.0,2521296.0,2273448.0,2219856.0,2359762.0,1675824.0,1536651.0,1514363.0,3926315.0,1286515.0,253784.0,506705.0,762153.0,183067.0,71233.0,639704.0,2514227.0,1448893.0,600655.0,2280159.0,5158549.0,2068547.0,607342.0,2535082.0,6946695.0,3646724.0,1012046.0,4683291.0,9723343.0,3471835.0,732203.0,2314212.0,3949803.0,1335209.0,221684.0,491142.0,902419.0,299593.0,128053.0,1143851.0,5023787.0,4049911.0,952220.0,4959469.0,10789785.0,4422625.0,1028657.0,4080462.0,9802157.0,4158249.0,1287801.0,4706799.0,9835950.0,4008778.0,915221.0,2437840.0,9276351.0,8513582.0,5239999.0,5230648.0,9769589.0,9526701.0,9816409.0,12932413.0,11764405.0,8738513.0,8455816.0,13175577.0,12775096.0,13089645.0,8172398.0,8742653.0,10736262.0,10466289.0,10710511.0,8545166.0,11481495.0,12300228.0,14817310.0,14715545.0,15275998.0,12340889.0
MN06,MN06 East Midtown-Murray Hill (CD 6 Approximation),M,Manhattan,4,8045209.0,12804094.0,270986.0,276043.0,296087.0,282301.0,243238.0,257926.0,294067.0,280974.0,277530.0,303212.0,295105.0,248862.0,253857.0,302695.0,272541.0,281634.0,288293.0,292539.0,250247.0,256041.0,274244.0,276359.0,278545.0,300952.0,266475.0,222536.0,208232.0,241601.0,157163.0,130603.0,164321.0,424081.0,436525.0,457317.0,448788.0,392728.0,414742.0,450202.0,438177.0,436787.0,474676.0,464100.0,406671.0,413105.0,471245.0,432684.0,445885.0,462004.0,474647.0,418163.0,424968.0,446107.0,443891.0,444546.0,476875.0,415776.0,355632.0,340169.0,375026.0,254254.0,215933.0,248390.0,501539.0,129901.0,,79952.0,105052.0,12608.0,744.0,70762.0,290399.0,190208.0,152.0,274626.0,689904.0,283670.0,3085.0,429508.0,1015017.0,567263.0,1618.0,758402.0,1665351.0,633810.0,172.0,341466.0,590678.0,159203.0,,78007.0,137635.0,27250.0,2039.0,269186.0,1143332.0,619910.0,709.0,1031972.0,2175131.0,620289.0,4969.0,683398.0,1534561.0,598754.0,705.0,761761.0,1527175.0,484271.0,224.0,352935.0,1290888.0,1200059.0,624924.0,593507.0,1448500.0,1426010.0,1461321.0,2087847.0,1911113.0,1166875.0,1104719.0,2201870.0,2142555.0,2189115.0,1134795.0,1213903.0,1526986.0,1462130.0,1496238.0,1211157.0,1756192.0,1865622.0,2382467.0,2339399.0,2440944.0,2019470.0
MN07,MN07 Upper West Side (CD 7 Approximation),M,Manhattan,4,7263953.0,9238783.0,242542.0,244284.0,264855.0,264522.0,228749.0,239883.0,257777.0,251466.0,243339.0,274914.0,267634.0,224352.0,240947.0,268862.0,246900.0,249971.0,252429.0,262558.0,228033.0,245720.0,244890.0,243017.0,240295.0,262159.0,237551.0,203633.0,200212.0,216933.0,143953.0,130439.0,141134.0,300796.0,305505.0,322989.0,329265.0,294205.0,303456.0,320487.0,315378.0,308432.0,337108.0,337896.0,290331.0,313576.0,338125.0,317219.0,319596.0,322139.0,337535.0,302766.0,314962.0,315872.0,320097.0,305592.0,330021.0,297750.0,260101.0,255521.0,273374.0,196875.0,177765.0,174049.0,455435.0,160830.0,,58533.0,68681.0,12597.0,199.0,55594.0,286578.0,264367.0,,248416.0,667655.0,379450.0,,352768.0,1054805.0,723990.0,133.0,499245.0,1167947.0,539840.0,,266890.0,374280.0,212625.0,,38579.0,83768.0,41605.0,587.0,99676.0,617832.0,596487.0,,548170.0,1338589.0,603053.0,,461686.0,1181416.0,653134.0,92.0,428710.0,1086336.0,669666.0,,202492.0,1196222.0,1070543.0,677207.0,679993.0,1231542.0,1179697.0,1228749.0,1509282.0,1346772.0,968559.0,934255.0,1509344.0,1467778.0,1502793.0,1089482.0,1130862.0,1369912.0,1281190.0,1344457.0,1048050.0,1265009.0,1360458.0,1677187.0,1686813.0,1807622.0,1441694.0
MN08,MN08 Upper East Side-Roosevelt Island (CD 8 Equivalent),M,Manhattan,6,9173768.0,12006416.0,302784.0,304019.0,334814.0,341678.0,286307.0,295588.0,326116.0,318955.0,307851.0,343887.0,353597.0,280670.0,297985.0,346486.0,304975.0,311872.0,324121.0,340248.0,280587.0,291552.0,316743.0,307355.0,303370.0,337858.0,310169.0,252917.0,242972.0,280854.0,182202.0,155777.0,189459.0,393201.0,387188.0,424341.0,440982.0,380205.0,390403.0,418620.0,410178.0,410636.0,436698.0,446271.0,379636.0,384804.0,445392.0,401160.0,413785.0,419931.0,447830.0,380781.0,398562.0,425633.0,409323.0,410405.0,440518.0,397339.0,324863.0,321156.0,362647.0,241843.0,220804.0,241281.0,467581.0,128524.0,,67976.0,80423.0,8814.0,367.0,108509.0,439141.0,194466.0,893.0,460970.0,859960.0,334516.0,1791.0,472799.0,1312572.0,720007.0,1389.0,858297.0,1733902.0,605383.0,92.0,315396.0,505797.0,103504.0,,82433.0,133500.0,26301.0,1806.0,209383.0,1081463.0,793859.0,606.0,902844.0,1763045.0,637171.0,2818.0,639117.0,1565941.0,519104.0,3787.0,791007.0,1489328.0,403234.0,178.0,350190.0,1547574.0,1386773.0,787442.0,701274.0,1611035.0,1572992.0,1566678.0,1974598.0,1846540.0,1148213.0,1059830.0,2016275.0,1970491.0,1990469.0,1357932.0,1460927.0,1737660.0,1645195.0,1674754.0,1297300.0,1753362.0,1881931.0,2213564.0,2138769.0,2249439.0,1769351.0
MN09,MN09 Morningside Heights-Hamilton Heights (CD 9 Equivalent),M,Manhattan,2,1514771.0,1885311.0,51527.0,53305.0,56102.0,57295.0,42147.0,46941.0,55052.0,54067.0,54252.0,57970.0,58530.0,45708.0,47325.0,57550.0,51312.0,53260.0,53410.0,55298.0,46292.0,45496.0,53300.0,52115.0,47886.0,50705.0,50449.0,41551.0,40341.0,48279.0,29582.0,26636.0,31088.0,63866.0,64437.0,69258.0,70405.0,57816.0,59656.0,65713.0,65062.0,67438.0,71700.0,70779.0,57748.0,63897.0,68735.0,64159.0,65881.0,67728.0,67793.0,56508.0,59754.0,67320.0,64268.0,62164.0,62665.0,60309.0,49872.0,52153.0,57595.0,37693.0,34668.0,38271.0,42683.0,45629.0,,,6653.0,9266.0,,914.0,74916.0,177532.0,,,124883.0,181928.0,,,162006.0,288670.0,,,175411.0,224280.0,,,90029.0,139906.0,,,28573.0,34270.0,,224.0,63548.0,183874.0,,,152907.0,227324.0,,,166607.0,289511.0,,,197442.0,311096.0,,,250803.0,233867.0,119690.0,112629.0,268333.0,262734.0,266715.0,306516.0,290098.0,156934.0,180588.0,319528.0,310961.0,320686.0,204055.0,257249.0,304762.0,270460.0,273188.0,205057.0,249918.0,304478.0,365029.0,333383.0,357699.0,274804.0
MN10,MN10 Harlem (CD 10 Equivalent),M,Manhattan,5,4657148.0,5446515.0,152568.0,153337.0,167582.0,172740.0,148466.0,153786.0,165650.0,161607.0,155162.0,173390.0,176814.0,148913.0,153988.0,171917.0,156427.0,158079.0,160738.0,173269.0,146560.0,146017.0,160231.0,153708.0,157064.0,170090.0,154103.0,133448.0,127246.0,139203.0,93156.0,83155.0,88734.0,181011.0,176403.0,195459.0,192301.0,175975.0,185705.0,187659.0,186592.0,180126.0,198824.0,197447.0,176575.0,180095.0,195190.0,185074.0,186209.0,193013.0,197899.0,173016.0,182757.0,186781.0,188202.0,187913.0,201826.0,176134.0,150774.0,157479.0,154911.0,112299.0,102136.0,100730.0,165349.0,17138.0,,28260.0,32238.0,6682.0,,133459.0,518976.0,143143.0,,481633.0,746797.0,108042.0,,348151.0,674968.0,141866.0,,348431.0,539441.0,83254.0,,139320.0,535790.0,57945.0,,123375.0,202024.0,20652.0,,78458.0,292334.0,98192.0,,312052.0,562640.0,86234.0,,330535.0,714310.0,144800.0,,484813.0,879445.0,151863.0,,371053.0,781103.0,694857.0,458052.0,395549.0,779977.0,765070.0,782540.0,882686.0,808378.0,533407.0,595759.0,885101.0,857511.0,883673.0,726285.0,730865.0,870894.0,815763.0,850123.0,663218.0,829632.0,828375.0,1004368.0,961354.0,1018325.0,804461.0
MN11,MN11 East Harlem (CD 11 Equivalent),M,Manhattan,4,9384020.0,11879137.0,306390.0,312544.0,343170.0,348972.0,291797.0,306776.0,334335.0,326833.0,317292.0,354375.0,347375.0,293712.0,313290.0,355241.0,316729.0,322950.0,330422.0,351133.0,288387.0,291830.0,321049.0,310160.0,307766.0,339704.0,306526.0,265087.0,256068.0,289489.0,183250.0,165649.0,185719.0,391711.0,390739.0,425689.0,426125.0,371307.0,393028.0,414970.0,408702.0,399054.0,436115.0,429011.0,376247.0,402551.0,439475.0,406706.0,410357.0,421460.0,439381.0,372516.0,388005.0,414863.0,402505.0,398142.0,433132.0,374420.0,331200.0,334607.0,356689.0,236771.0,223507.0,230152.0,323936.0,213573.0,,27286.0,62062.0,46424.0,,67231.0,608183.0,892683.0,2103.0,266255.0,1017694.0,862928.0,,261171.0,1117719.0,1183070.0,,289900.0,1084532.0,920600.0,449.0,136221.0,661113.0,452145.0,,74049.0,219464.0,129692.0,,85443.0,761602.0,954629.0,3097.0,364847.0,1218973.0,947196.0,,338378.0,1269721.0,1135836.0,,405513.0,1422296.0,1173274.0,1063.0,260806.0,1551294.0,1426743.0,855168.0,794322.0,1588541.0,1570992.0,1596960.0,1928066.0,1778582.0,1155379.0,1204252.0,1942842.0,1917298.0,1952718.0,1446702.0,1485058.0,1756256.0,1643146.0,1716910.0,1335948.0,1840141.0,1846556.0,2146268.0,2077434.0,2196565.0,1772173.0
MN12,MN12 Washington Heights-Inwood (CD 12 Equivalent),M,Manhattan,11,7839541.0,8128861.0,253369.0,259383.0,283716.0,291307.0,244661.0,256062.0,281541.0,274698.0,266352.0,295698.0,297857.0,244369.0,258309.0,294102.0,258640.0,265199.0,274172.0,294293.0,239313.0,243595.0,268469.0,258171.0,264950.0,284913.0,259956.0,222933.0,210952.0,240677.0,155601.0,139764.0,156519.0,268668.0,263180.0,292863.0,296187.0,254081.0,276972.0,280402.0,275478.0,270737.0,301095.0,295664.0,252974.0,277208.0,294129.0,273083.0,277199.0,291063.0,300098.0,254623.0,271442.0,280925.0,276810.0,273192.0,294141.0,263143.0,225237.0,230441.0,239577.0,167921.0,150111.0,160217.0,233633.0,59741.0,,33240.0,46238.0,25362.0,,170032.0,840004.0,572516.0,,594212.0,1114804.0,404691.0,,418649.0,1026302.0,421893.0,250.0,527432.0,926451.0,255241.0,19.0,168831.0,617178.0,230564.0,,111130.0,210343.0,62150.0,,94542.0,409230.0,160827.0,,450960.0,877084.0,218360.0,,396539.0,1026839.0,448374.0,489.0,585132.0,1330802.0,550024.0,94.0,348200.0,1305761.0,1191513.0,726129.0,616816.0,1336519.0,1321611.0,1341192.0,1347869.0,1225088.0,728846.0,787602.0,1355334.0,1327985.0,1356137.0,1177750.0,1243901.0,1499142.0,1372852.0,1427754.0,1118142.0,1210544.0,1235424.0,1498937.0,1441448.0,1525163.0,1217345.0
MN64,MN64 Central Park (JIA 64 Equivalent),M,Manhattan,6,13358506.0,17660833.0,431893.0,447207.0,485506.0,492836.0,423523.0,442378.0,473848.0,463403.0,453167.0,502296.0,496452.0,416682.0,447333.0,498216.0,448914.0,453798.0,464795.0,488567.0,412743.0,429287.0,465443.0,441944.0,453126.0,489092.0,433893.0,379597.0,363417.0,401121.0,263280.0,231575.0,263174.0,579469.0,588384.0,625034.0,620824.0,566849.0,595090.0,605195.0,606596.0,591475.0,645237.0,638117.0,565074.0,605232.0,638778.0,606029.0,600608.0,612829.0,638308.0,564557.0,598072.0,621450.0,603287.0,605232.0,643408.0,555003.0,495392.0,497779.0,511290.0,361139.0,340566.0,334530.0,539499.0,342202.0,39671.0,44657.0,69926.0,30935.0,2740.0,90860.0,572532.0,692697.0,22679.0,480284.0,1283768.0,885790.0,86475.0,483200.0,1698921.0,1344937.0,283754.0,827576.0,1948405.0,1155450.0,155085.0,276463.0,827559.0,540060.0,13326.0,75483.0,178772.0,108168.0,7919.0,155645.0,1091719.0,1335632.0,231468.0,734827.0,2023981.0,1367137.0,189172.0,630332.0,1949440.0,1439527.0,168154.0,731532.0,2056171.0,1355906.0,55587.0,393316.0,2212468.0,2008033.0,1209939.0,1123738.0,2288868.0,2221239.0,2294221.0,2843873.0,2601418.0,1825891.0,1896653.0,2857161.0,2768939.0,2866898.0,2022860.0,2099173.0,2492271.0,2370045.0,2441729.0,1932428.0,2619094.0,2701822.0,3210045.0,3127393.0,3331212.0,2671267.0
QN01,QN01 Astoria-Queensbridge (CD 1 Equivalent),Q,Queens,10,7578836.0,9762680.0,248832.0,248277.0,273487.0,286915.0,244029.0,250358.0,274766.0,262626.0,255646.0,283305.0,285032.0,232280.0,249142.0,287323.0,255365.0,255506.0,259789.0,279840.0,231981.0,234296.0,265081.0,250770.0,254086.0,276264.0,250793.0,215901.0,203113.0,228847.0,145951.0,138199.0,151036.0,327425.0,321728.0,351390.0,353718.0,322590.0,335282.0,343157.0,339730.0,330435.0,363665.0,354792.0,312775.0,329724.0,349228.0,330647.0,326591.0,338718.0,353235.0,305891.0,322717.0,337894.0,331065.0,325017.0,356815.0,307588.0,271958.0,271197.0,280006.0,193211.0,187271.0,187220.0,251376.0,64454.0,,32499.0,51099.0,20234.0,526.0,172032.0,711543.0,281296.0,2191.0,697508.0,1202882.0,277875.0,,445132.0,973475.0,444247.0,,504360.0,924385.0,338231.0,,183491.0,888635.0,183953.0,,153166.0,269364.0,42179.0,183.0,120170.0,547250.0,375801.0,1042.0,479058.0,922133.0,327101.0,,481320.0,1181936.0,371203.0,,842946.0,1579812.0,411870.0,,583558.0,1244553.0,1158012.0,712159.0,606572.0,1281795.0,1270306.0,1305439.0,1582376.0,1451692.0,936871.0,1005738.0,1602363.0,1558798.0,1624842.0,1148367.0,1191958.0,1439387.0,1321670.0,1394621.0,1082833.0,1442937.0,1504671.0,1822874.0,1712764.0,1827729.0,1451705.0
QN02,QN02 Long Island City-Sunnyside-Woodside (CD 2 Approximation),Q,Queens,12,7779388.0,10306967.0,253201.0,257108.0,278830.0,284753.0,238949.0,252452.0,280892.0,267962.0,263383.0,293992.0,295617.0,241881.0,254140.0,299201.0,263308.0,270586.0,269766.0,291281.0,239368.0,247200.0,271313.0,260664.0,259889.0,282526.0,261560.0,216476.0,205922.0,239704.0,145335.0,136010.0,156119.0,338299.0,334032.0,362758.0,367228.0,316661.0,338816.0,360297.0,349744.0,350059.0,381047.0,383849.0,325768.0,344339.0,386797.0,357311.0,358774.0,360834.0,381656.0,322254.0,340853.0,364720.0,355132.0,344808.0,375143.0,338138.0,283250.0,278869.0,306985.0,205802.0,190626.0,202118.0,259500.0,152393.0,,25230.0,54314.0,38263.0,519.0,40068.0,544625.0,923924.0,377.0,214209.0,904439.0,673014.0,362.0,199982.0,898517.0,840675.0,,332518.0,933765.0,639098.0,,103596.0,593916.0,487073.0,,34611.0,143832.0,89591.0,851.0,77024.0,587553.0,784861.0,1456.0,295574.0,972050.0,732947.0,381.0,181336.0,1008938.0,1206310.0,,305573.0,1340461.0,1282389.0,,180240.0,1282667.0,1193854.0,671836.0,588049.0,1346639.0,1333214.0,1363129.0,1690104.0,1561779.0,934098.0,931704.0,1732775.0,1709362.0,1747145.0,1176257.0,1220120.0,1446588.0,1363777.0,1441775.0,1130871.0,1508047.0,1573578.0,1875269.0,1817884.0,1963091.0,1569098.0
QN03,QN03 Jackson Heights-East Elmhurst (CD 3 Approximation),Q,Queens,4,3446482.0,3769254.0,110935.0,112064.0,121503.0,122980.0,111630.0,115821.0,127346.0,116110.0,115539.0,129109.0,128099.0,111705.0,112927.0,127734.0,115909.0,117245.0,120889.0,126310.0,110732.0,109492.0,116507.0,113946.0,115514.0,124565.0,113720.0,97918.0,92112.0,104564.0,69719.0,65770.0,68068.0,121380.0,122417.0,131472.0,130306.0,122986.0,130348.0,137132.0,126848.0,128292.0,144675.0,139123.0,125925.0,127439.0,134945.0,131338.0,130634.0,133289.0,131630.0,123489.0,124781.0,123984.0,129538.0,123378.0,134835.0,116600.0,102385.0,100755.0,111273.0,78785.0,76906.0,72366.0,141863.0,,,19845.0,27678.0,,2377.0,156279.0,439877.0,137.0,3344.0,384122.0,519188.0,21.0,,303981.0,516471.0,,,336587.0,458521.0,,,136191.0,347060.0,,,82715.0,126117.0,,1031.0,70073.0,261489.0,3197.0,595.0,347217.0,556402.0,37.0,,300449.0,491169.0,,,357126.0,560530.0,,,264047.0,555467.0,535580.0,340161.0,298924.0,571584.0,570242.0,574524.0,583510.0,577350.0,385712.0,410579.0,606804.0,599550.0,605749.0,549385.0,539492.0,649843.0,596058.0,634757.0,476947.0,591640.0,572298.0,684218.0,649710.0,709832.0,561556.0
QN04,QN04 Elmhurst-Corona (CD 4 Approximation),Q,Queens,5,9054252.0,7694720.0,289299.0,289337.0,306782.0,329110.0,301012.0,306493.0,314427.0,305993.0,300909.0,326128.0,332597.0,295842.0,298846.0,333881.0,302631.0,307480.0,322661.0,328956.0,292917.0,299348.0,324588.0,302284.0,307719.0,329815.0,295629.0,260073.0,250725.0,265181.0,185903.0,173338.0,174348.0,254611.0,247389.0,264502.0,264330.0,266063.0,270701.0,261424.0,260721.0,256367.0,275729.0,267489.0,265933.0,257667.0,273454.0,265612.0,255266.0,270725.0,270971.0,262020.0,269748.0,264237.0,263468.0,257347.0,276159.0,228525.0,214857.0,224358.0,220914.0,163414.0,160645.0,140074.0,318736.0,,,57673.0,76208.0,,524.0,557439.0,1617709.0,5982.0,8668.0,1222878.0,1760052.0,,3187.0,724458.0,1135267.0,1955.0,1104.0,564104.0,712963.0,,,285345.0,961238.0,,,267305.0,377443.0,,83.0,136147.0,376779.0,1434.0,2477.0,367717.0,693047.0,,3383.0,629852.0,1155397.0,3862.0,2830.0,815015.0,1149847.0,,,750864.0,1453855.0,1391180.0,968964.0,844265.0,1480100.0,1444767.0,1471121.0,1176319.0,1126506.0,915312.0,987034.0,1177639.0,1150439.0,1161471.0,1438954.0,1377267.0,1647894.0,1601204.0,1688230.0,1300703.0,1248695.0,1192321.0,1369697.0,1340819.0,1426684.0,1116504.0
QN05,QN05 Ridgewood-Maspeth-Middle Village (CD 5 Approximation),Q,Queens,4,1690659.0,2147132.0,56322.0,56048.0,63968.0,60910.0,49438.0,56073.0,63320.0,60064.0,58464.0,66127.0,63952.0,49805.0,56103.0,65600.0,56705.0,57203.0,59832.0,59330.0,47787.0,53825.0,59203.0,56224.0,58014.0,62565.0,58519.0,48375.0,46724.0,49931.0,29794.0,25445.0,34989.0,74050.0,72945.0,79865.0,73501.0,62415.0,73043.0,77560.0,75664.0,74066.0,83777.0,77483.0,61282.0,72970.0,80927.0,74068.0,73981.0,75300.0,74547.0,62319.0,70901.0,74675.0,74010.0,74959.0,80414.0,73124.0,60419.0,62406.0,60763.0,39582.0,33533.0,42583.0,32658.0,18138.0,,3033.0,8561.0,10953.0,,24207.0,234985.0,335285.0,,69689.0,227459.0,155635.0,,34851.0,147358.0,135031.0,,37661.0,116108.0,84113.0,,14934.0,146386.0,117393.0,,15520.0,50776.0,30537.0,,9041.0,55101.0,62862.0,,26452.0,91762.0,86340.0,,33346.0,204509.0,285954.0,,85795.0,417560.0,376974.0,,50824.0,292707.0,265433.0,122860.0,109409.0,300414.0,297503.0,302333.0,365948.0,324493.0,156257.0,176761.0,377171.0,367438.0,379064.0,270302.0,277323.0,331632.0,295547.0,298066.0,217789.0,323115.0,341427.0,411998.0,380155.0,395403.0,295034.0
QN06,QN06 Forest Hills-Rego Park (CD 6 Approximation),Q,Queens,4,3542287.0,2476055.0,115029.0,120702.0,131666.0,133873.0,110892.0,115410.0,130710.0,125278.0,119178.0,128620.0,138332.0,109061.0,116411.0,128281.0,121978.0,123280.0,126063.0,133265.0,105204.0,110190.0,123980.0,117115.0,120784.0,129839.0,116359.0,99231.0,89453.0,101309.0,68335.0,58269.0,74190.0,83278.0,85538.0,93247.0,91874.0,79606.0,83303.0,89638.0,85971.0,80921.0,90706.0,95271.0,79845.0,83639.0,89709.0,87005.0,85964.0,84996.0,90927.0,75319.0,78816.0,85895.0,81688.0,83944.0,87474.0,75208.0,69559.0,62656.0,69550.0,48719.0,45009.0,50780.0,93420.0,49120.0,,14414.0,16978.0,13977.0,372.0,72389.0,383483.0,336369.0,1152.0,265576.0,515667.0,232820.0,,152526.0,400065.0,255570.0,,161694.0,345590.0,182137.0,,48968.0,150170.0,75358.0,,38572.0,40235.0,16184.0,46.0,18945.0,94360.0,109347.0,293.0,80686.0,202929.0,128648.0,,85459.0,277583.0,241168.0,,152236.0,410159.0,286951.0,,66726.0,586838.0,547675.0,286306.0,239812.0,626136.0,624406.0,631114.0,396081.0,371040.0,247300.0,202444.0,423952.0,415443.0,419795.0,540009.0,557398.0,673151.0,611772.0,639713.0,520244.0,367146.0,380470.0,462098.0,433804.0,460627.0,371910.0
QN07,QN07 Flushing-Murray Hill-Whitestone (CD 7 Approximation),Q,Queens,1,3698192.0,4566166.0,119098.0,123518.0,129822.0,135168.0,127811.0,114999.0,125394.0,123779.0,124319.0,132746.0,134597.0,123927.0,122058.0,136019.0,125689.0,118420.0,109098.0,138599.0,121892.0,126186.0,134568.0,128419.0,126722.0,133463.0,121959.0,109131.0,100630.0,109071.0,74420.0,74921.0,71749.0,152083.0,154798.0,158980.0,162320.0,154505.0,142312.0,151458.0,151008.0,153776.0,163987.0,162758.0,152251.0,148316.0,163037.0,153153.0,144386.0,144603.0,169152.0,153830.0,160566.0,166790.0,162601.0,158591.0,169273.0,144819.0,129853.0,128613.0,134574.0,93697.0,93361.0,86715.0,194244.0,,,32695.0,29762.0,,2181.0,188216.0,534930.0,1570.0,,433330.0,633388.0,2665.0,5948.0,311740.0,509694.0,1956.0,,279599.0,356573.0,994.0,,178707.0,421454.0,,,64697.0,86066.0,,1016.0,90823.0,279896.0,1344.0,,351228.0,528932.0,3271.0,6705.0,349522.0,623047.0,3160.0,,551006.0,828496.0,1648.0,,373855.0,579568.0,572210.0,408354.0,362849.0,577171.0,598488.0,599552.0,724771.0,688055.0,508257.0,497412.0,711139.0,714553.0,721979.0,591398.0,579434.0,662463.0,661459.0,671395.0,532043.0,729408.0,731452.0,807114.0,805344.0,834455.0,658393.0
QN09,QN09 Kew Gardens-Richmond Hill-Woodhaven (CD 9 Approximation),Q,Queens,5,2833175.0,2766586.0,90759.0,91881.0,107466.0,107602.0,83103.0,92233.0,104634.0,99927.0,98025.0,108052.0,108359.0,84019.0,93295.0,107777.0,92029.0,95009.0,98436.0,108677.0,80564.0,86851.0,98309.0,95569.0,96702.0,102305.0,97316.0,78522.0,75112.0,89701.0,54687.0,48577.0,57677.0,89773.0,88285.0,102158.0,101185.0,83474.0,92589.0,100299.0,95092.0,95311.0,102743.0,98236.0,83912.0,93793.0,104346.0,94462.0,92282.0,95963.0,104045.0,85498.0,93358.0,98207.0,94326.0,93202.0,100983.0,89676.0,76679.0,77667.0,83316.0,54976.0,48282.0,52468.0,65858.0,33181.0,,4998.0,13785.0,11686.0,491.0,79687.0,390028.0,346784.0,320.0,165314.0,362690.0,208650.0,,82100.0,291320.0,226104.0,,82545.0,255726.0,183733.0,,28175.0,148481.0,103102.0,,16000.0,52568.0,30132.0,181.0,16396.0,110530.0,135120.0,161.0,50682.0,196738.0,206202.0,,52787.0,321183.0,344414.0,,127634.0,440768.0,354904.0,,58603.0,485427.0,453220.0,226596.0,195332.0,489178.0,490482.0,492940.0,463909.0,430387.0,249327.0,251607.0,456451.0,456718.0,458187.0,448545.0,423401.0,533192.0,490164.0,521351.0,416522.0,428669.0,429310.0,504424.0,475440.0,513202.0,415541.0
QN10,QN10 South Ozone Park-Howard Beach (CD 10 Approximation),Q,Queens,8,3520152.0,2700767.0,115077.0,117295.0,128921.0,131560.0,111055.0,115208.0,121898.0,115880.0,119002.0,131580.0,134126.0,110979.0,113449.0,134336.0,116357.0,120219.0,124045.0,131152.0,108370.0,109089.0,119960.0,116784.0,121350.0,131777.0,119643.0,99776.0,89728.0,107210.0,68866.0,62500.0,72960.0,90193.0,89041.0,97547.0,98990.0,86188.0,90909.0,92090.0,87452.0,90679.0,100892.0,100872.0,85190.0,89320.0,98353.0,93252.0,91725.0,96505.0,100603.0,83952.0,86623.0,92324.0,93647.0,93149.0,101679.0,89904.0,72701.0,69617.0,80367.0,53978.0,48900.0,54125.0,84808.0,27409.0,,20055.0,26807.0,22436.0,108.0,189924.0,692538.0,379933.0,,315604.0,497304.0,152016.0,693.0,142665.0,322277.0,138598.0,305.0,128614.0,244594.0,81354.0,85.0,52025.0,219534.0,52032.0,,54918.0,80540.0,19786.0,38.0,29325.0,102282.0,40936.0,,82973.0,171249.0,56136.0,287.0,116209.0,304289.0,137639.0,228.0,285747.0,605838.0,181546.0,126.0,159109.0,586136.0,548839.0,310801.0,249462.0,610202.0,601268.0,613444.0,446256.0,411901.0,238397.0,234448.0,460688.0,449014.0,460063.0,550425.0,549011.0,674121.0,613999.0,627031.0,505565.0,415622.0,417972.0,502542.0,474468.0,486152.0,404011.0
QN12,QN12 Jamaica-St. Albans-Hollis (CD 12 Approximation),Q,Queens,7,7605396.0,7701662.0,249641.0,253234.0,274129.0,278044.0,231100.0,246765.0,275906.0,261510.0,257952.0,286447.0,285634.0,235770.0,247816.0,289461.0,259565.0,256628.0,268670.0,287649.0,233088.0,240571.0,263053.0,256338.0,260350.0,280542.0,251378.0,210024.0,201990.0,230917.0,147591.0,129904.0,153729.0,256594.0,255738.0,283482.0,276838.0,237600.0,260885.0,278189.0,260129.0,265178.0,289118.0,285745.0,231340.0,249011.0,276534.0,254950.0,257814.0,276668.0,287155.0,235421.0,253709.0,258239.0,265249.0,267073.0,294212.0,247751.0,210255.0,213645.0,230751.0,153250.0,136040.0,153099.0,326994.0,115850.0,,58077.0,79654.0,28483.0,2993.0,480015.0,1204794.0,175366.0,3768.0,764234.0,1033599.0,179757.0,,456723.0,912625.0,285264.0,,402448.0,680444.0,208387.0,138.0,205783.0,572744.0,39431.0,,139258.0,227040.0,30792.0,1100.0,154325.0,516206.0,116670.0,1636.0,495991.0,790602.0,149671.0,,439600.0,1060385.0,279315.0,,714955.0,1276170.0,220192.0,496.0,475083.0,1274024.0,1195186.0,700396.0,597999.0,1276521.0,1273727.0,1287543.0,1297265.0,1173296.0,708492.0,702799.0,1293494.0,1252448.0,1273868.0,1127372.0,1142552.0,1414663.0,1338953.0,1428185.0,1153671.0,1156338.0,1143818.0,1415759.0,1365637.0,1440563.0,1179547.0
QN14,QN14 The Rockaways (CD 14 Approximation),Q,Queens,10,1019040.0,1433466.0,31952.0,33869.0,37832.0,40193.0,33132.0,33585.0,37155.0,36576.0,34413.0,39554.0,40553.0,32798.0,34202.0,38174.0,33552.0,35095.0,36800.0,38336.0,29463.0,26773.0,34709.0,32145.0,32840.0,36049.0,34238.0,28715.0,25300.0,32381.0,19535.0,17562.0,21559.0,44130.0,47080.0,53417.0,54143.0,46398.0,48059.0,51387.0,50540.0,47812.0,56021.0,54585.0,46087.0,48675.0,51242.0,46520.0,49158.0,53108.0,53313.0,42871.0,42143.0,49162.0,44842.0,46021.0,52180.0,47893.0,39655.0,37429.0,43267.0,29069.0,25451.0,31808.0,38440.0,10133.0,,9902.0,12089.0,3795.0,725.0,76482.0,198164.0,31526.0,,104784.0,115194.0,13550.0,,63202.0,113615.0,20297.0,,70974.0,95728.0,13524.0,,26916.0,107316.0,20164.0,,29729.0,49583.0,7136.0,260.0,32039.0,96708.0,19374.0,,88328.0,119583.0,21489.0,,75690.0,163000.0,32584.0,,169828.0,276317.0,36432.0,,87906.0,171589.0,161850.0,88514.0,60075.0,179125.0,177961.0,179926.0,239408.0,223028.0,117598.0,106302.0,248297.0,247735.0,251098.0,159290.0,164113.0,191998.0,173135.0,178964.0,151540.0,222335.0,224338.0,265447.0,238680.0,254190.0,228476.0
QN81,QN81 Flushing Meadows-Corona Park (JIA 81 Approximation),Q,Queens,2,1863550.0,2457141.0,64919.0,65181.0,65773.0,70036.0,54104.0,55390.0,65748.0,61049.0,62058.0,66457.0,67116.0,53899.0,56391.0,68786.0,71577.0,70024.0,67167.0,72188.0,63858.0,60983.0,69882.0,60280.0,62484.0,66597.0,58717.0,48641.0,45469.0,55672.0,38062.0,36384.0,38658.0,81893.0,83267.0,80733.0,87140.0,73881.0,69694.0,79010.0,74440.0,74059.0,92314.0,90155.0,84570.0,73782.0,93505.0,93640.0,89725.0,98110.0,99988.0,89560.0,82335.0,88095.0,77669.0,80035.0,89255.0,70330.0,64356.0,62146.0,71166.0,59230.0,53917.0,49141.0,4291.0,99740.0,22361.0,,1076.0,22429.0,85769.0,1393.0,11963.0,252952.0,357809.0,873.0,11988.0,145672.0,190952.0,,19779.0,198310.0,192430.0,199.0,21149.0,140247.0,82168.0,,28479.0,105729.0,77165.0,,2249.0,18315.0,33390.0,418.0,15867.0,170259.0,207382.0,721.0,23660.0,211807.0,201228.0,,29050.0,328621.0,305002.0,234.0,27508.0,368643.0,301414.0,,292100.0,290839.0,183752.0,153519.0,316851.0,306761.0,319728.0,401821.0,350920.0,302633.0,244514.0,382997.0,383936.0,390320.0,256128.0,266836.0,329121.0,341277.0,376099.0,294089.0,314595.0,327681.0,414600.0,461329.0,514500.0,424436.0
QN83,QN83 JFK International Airport (JIA 83 Approximation),Q,Queens,1,421157.0,334260.0,14062.0,14014.0,13866.0,15444.0,14985.0,14597.0,13608.0,13865.0,14018.0,14546.0,15822.0,14711.0,14971.0,16131.0,15895.0,13973.0,14209.0,14072.0,13195.0,13586.0,15401.0,15363.0,13408.0,13084.0,12375.0,11883.0,10515.0,13028.0,9754.0,8614.0,8162.0,11331.0,10933.0,11352.0,11617.0,11754.0,12000.0,10699.0,10906.0,11035.0,11575.0,12284.0,11791.0,12688.0,12598.0,12045.0,10578.0,11407.0,11234.0,9934.0,11138.0,11959.0,11966.0,10832.0,11259.0,9970.0,9325.0,9224.0,10164.0,7186.0,6900.0,6576.0,31909.0,9478.0,,7153.0,8184.0,6246.0,82.0,8264.0,30458.0,21037.0,,12850.0,33466.0,29451.0,,11901.0,48097.0,53024.0,,13870.0,44637.0,39770.0,,11280.0,18034.0,19847.0,,1358.0,5854.0,6840.0,92.0,1138.0,13314.0,24651.0,,2662.0,19550.0,33459.0,,3403.0,31804.0,60207.0,,6082.0,34034.0,48763.0,,3168.0,69385.0,62414.0,54585.0,43682.0,65662.0,61892.0,63537.0,55114.0,51137.0,35540.0,38515.0,53168.0,49923.0,50863.0,50223.0,59158.0,65410.0,76201.0,92523.0,77642.0,39618.0,47450.0,54197.0,60396.0,70260.0,62339.0
SI01,SI01 North Shore (CD 1 Equivalent),SI,Staten Island,2,774846.0,77.0,30883.0,26692.0,28540.0,29392.0,23149.0,23810.0,28406.0,26846.0,24856.0,28166.0,26824.0,23770.0,25996.0,29470.0,26664.0,25001.0,28958.0,27950.0,22933.0,21695.0,27186.0,27131.0,24905.0,27554.0,25924.0,22097.0,18652.0,24884.0,17009.0,13136.0,16367.0,22.0,30.0,1.0,9.0,0.0,0.0,1.0,1.0,0.0,0.0,0.0,0.0,1.0,2.0,0.0,0.0,1.0,1.0,0.0,1.0,1.0,0.0,1.0,0.0,2.0,0.0,0.0,2.0,0.0,0.0,1.0,41634.0,7355.0,7453.0,23138.0,7493.0,152.0,928.0,32864.0,113471.0,6100.0,9263.0,66599.0,76035.0,3919.0,5287.0,37590.0,64908.0,5241.0,10769.0,89206.0,134168.0,4089.0,4110.0,23074.0,2.0,0.0,2.0,0.0,0.0,0.0,0.0,0.0,0.0,0.0,1.0,10.0,22.0,0.0,0.0,21.0,16.0,0.0,1.0,0.0,2.0,0.0,0.0,0.0,123102.0,117374.0,76715.0,29927.0,140831.0,146480.0,140417.0,4.0,25.0,3.0,2.0,0.0,10.0,33.0,119958.0,119967.0,152460.0,126582.0,142050.0,113829.0,1.0,21.0,13.0,11.0,18.0,13.0
